Count,r1,rUCOD
3646614,B,I251
3117811,C,C349
2495501,B,I219
2255607,R,J449
1940602,N,G309
1921090,N,F03
1358644,B,I250
1334131,B,I64
1224447,B,I500
1004208,V,U071
918222,R,J189
876900,C,C509
838703,C,C189
824381,C,C259
736972,N,A419
725360,E,E149
626604,C,C61
574914,B,I119
571473,C,C80
570247,N,G20
454657,P,X42
451484,P,X44
424957,B,I48
413945,B,I10
384065,R,J690
369234,D,K746
351854,B,I429
324303,B,I110
320285,E,E119
320197,C,C679
317664,R,J440
304273,C,C159
300544,B,I469
299872,F,W19
297643,A,K703
297452,B,I619
296716,C,C56
293684,C,C719
280610,C,C64
276785,N,N185
276762,S,X74
275516,R,J841
274306,B,I350
264611,N,R99
261831,N,N390
256440,H,X95
248453,B,I255
248386,C,C859
243978,N,N19
241558,T,V892
241213,C,C900
238329,N,F019
236054,B,I509
234112,N,G311
224617,B,I120
218583,S,X70
216382,B,I259
216214,C,C169
215792,F,W18
208281,B,I694
199411,C,C220
196623,C,C920
196586,E,E142
195026,R,J439
191706,E,E785
180196,N,N189
179725,B,I639
178112,D,K922
174972,B,I629
174407,N,N179
170924,B,I269
169527,B,I679
163314,C,C439
163085,B,I499
158365,C,C229
149818,B,I739
149691,B,I698
149539,C,C20
145157,B,I516
141445,N,G122
139415,B,I709
135288,E,E112
131096,B,I519
128472,N,G931
126802,B,I272
126683,C,D469
126175,D,K559
123816,N,A047
122561,C,C221
111450,B,I672
111448,S,X72
110075,B,I38
104124,N,B182
103880,A,F102
103131,C,C97
103017,B,I609
102288,D,K566
102098,N,R54
100364,C,C541
98991,C,C55
96412,N,R628
94051,N,N180
94006,R,J849
92664,C,C911
90016,P,X41
88545,T,V877
87307,R,J969
84261,C,C539
83924,R,J441
83771,B,I420
83765,N,G35
83228,D,K769
82738,E,E668
75238,E,E46
74423,N,G318
73999,N,G301
73920,B,I710
73892,D,K729
72991,B,I132
70309,B,I214
69993,C,C499
69886,A,F101
69292,C,C329
68138,X,W80
66054,T,V092
64919,R,J459
64204,C,C798
64053,N,P072
63786,P,X64
62978,C,C19
62482,E,E43
61320,E,E145
61145,R,J984
60829,B,I713
58334,S,X73
57921,E,E109
56502,C,C833
56294,C,C959
55596,B,I802
53636,N,D649
53000,C,C851
52759,E,E669
51662,R,J961
51074,U,X599
50841,E,E141
50763,N,G319
50640,B,I249
50536,B,I620
50348,X,X00
50015,U,X590
49022,T,V031
48723,D,K631
48424,A,K709
46706,F,W10
45952,D,K859
45774,E,E86
45598,C,C029
44771,B,I340
44137,B,I131
43952,B,I461
43950,C,C23
43765,C,C787
43443,C,D432
43149,N,R092
42570,N,M069
42393,N,G934
41993,R,J159
41649,E,E889
41530,D,K760
41308,E,E872
39245,C,C459
38960,H,X99
38856,T,V435
38809,E,E780
38721,R,J960
38653,A,X45
38592,D,K550
38146,N,B24
37778,C,C73
37589,N,R95
37304,R,J448
36789,B,I517
36426,N,M869
35867,N,G809
35357,C,C950
34604,B,I248
34224,C,C449
33705,H,Y09
33487,N,N288
33335,R,J80
33257,B,I258
32748,A,K704
32589,C,C140
32480,B,I714
32273,X,W69
32084,P,Y12
32040,N,R688
31752,N,B238
31216,N,A099
31099,R,J181
30552,E,E115
30511,C,C910
30320,T,V475
30319,E,E039
29605,E,E147
29383,P,Y14
29361,B,I634
29182,B,I359
28136,B,I330
28060,N,R53
27716,B,I490
27431,D,K578
27030,B,I518
26985,B,I693
26886,D,K579
26706,C,D471
26614,C,C269
26343,C,C444
26221,X,W79
25755,B,I678
25696,U,X59
25435,P,F191
25213,D,K810
25209,A,K701
25071,T,V499
24904,R,J90
23971,S,X67
23735,X,Y86
23648,N,G409
23601,N,Q909
23410,B,I279
23311,C,C819
23287,C,C341
23266,C,C921
23162,N,F011
23084,N,R568
22972,T,V299
22949,C,C419
22926,C,C519
21989,N,M321
21643,C,C069
21538,E,E117
21405,N,D689
21378,C,C109
21030,D,K819
21015,N,G10
20964,H,X93
20818,N,Q249
20792,P,X61
20679,R,J47
20599,B,I458
20440,B,I718
20380,B,I059
20264,B,I615
20186,N,G310
20048,N,G473
20029,N,N039
19961,N,A415
19811,S,X80
19694,C,C831
19643,N,P073
19604,N,D619
19600,T,V234
19564,C,C845
19324,B,I632
19125,C,C160
19119,T,V485
19026,N,G419
19004,R,J180
18810,E,E854
18701,D,K830
18668,N,N289
18545,R,J110
18408,C,C099
18142,B,I422
17912,X,W75
17695,F,W06
17610,T,V294
17410,N,B207
17302,N,G710
17230,B,I633
17224,X,X31
17140,T,V436
17089,N,L039
17018,C,C210
16895,R,J152
16790,D,K650
16573,X,X47
16525,T,Y850
16451,D,K529
16286,R,J111
16213,C,C170
16145,B,I080
16090,N,G700
16069,S,X78
15934,D,K659
15823,F,W01
15799,N,F069
15788,C,C482
15740,C,C240
15648,E,E102
15605,N,M348
15523,N,P011
15474,R,J101
15465,C,C793
15424,N,A499
15094,C,C249
15080,R,J100
14980,N,D869
14729,X,W20
14566,N,M628
14507,N,B227
14453,B,I613
14319,N,A410
14185,C,C181
14169,B,I472
14145,N,L031
14052,N,B948
13902,E,E870
13796,N,M726
13701,C,C762
13696,N,B201
13683,C,C119
13574,E,E875
13545,D,K562
13451,N,R570
13378,X,W67
13261,N,L899
13261,C,D381
13189,N,A490
13116,C,C07
13025,U,Y839
12986,D,K265
12931,B,I719
12874,P,X62
12865,T,V274
12773,D,K509
12685,D,K720
12599,N,B208
12555,B,I711
12530,C,C786
12466,C,D329
12315,R,J81
12149,N,N40
12065,N,N12
12045,N,L089
11956,N,D65
11919,X,Y34
11909,N,G231
11799,N,M199
11789,N,F179
11709,H,X94
11684,C,C187
11682,X,W74
11639,C,C760
11525,B,I712
11497,D,K264
11427,D,K219
11380,B,I351
11226,C,C179
11159,F,W17
11138,A,I426
11133,C,C343
11107,E,E859
11095,H,X91
11091,F,W13
11064,C,C927
10978,D,K802
10838,B,I614
10824,D,K274
10809,X,X30
10760,B,I050
10755,N,L89
10727,N,M819
10721,D,K869
10615,N,P220
10580,N,M809
10529,B,I130
10500,C,C829
10470,S,X81
10435,B,I442
10387,C,C180
10331,D,K767
10328,N,Q913
10305,N,P369
10238,C,C795
10229,B,I495
10223,T,V284
10095,D,K639
9933,B,I514
9915,B,I129
9855,D,K449
9852,T,V476
9838,F,W05
9825,X,W65
9823,N,N184
9819,A,K700
9724,N,R58
9680,C,C749
9559,U,Y350
9454,D,K254
9356,F,W11
9346,N,D696
9345,N,G825
9307,R,J61
9274,A,F109
9187,E,E871
9154,B,I635
9146,T,V445
9118,N,F329
9027,X,W84
9024,S,X71
8995,R,J869
8829,D,K754
8809,N,P010
8777,N,F059
8721,R,J988
8715,C,C52
8634,D,K255
8620,N,B169
8596,C,D489
8564,N,M009
8561,N,P291
8523,D,K85
8508,U,Y831
8486,C,C629
8476,X,W34
8467,N,Q613
8460,N,P77
8456,D,K318
8424,T,V494
8415,T,V486
8338,N,B171
8289,N,G939
8282,D,K743
8277,D,K567
8253,E,E662
8250,T,V585
8242,N,P027
8230,N,B203
8208,E,E789
8204,N,R579
8173,N,A090
8138,E,E162
8131,N,N200
8114,N,D571
8087,N,A810
8047,C,C66
8027,N,P021
7995,B,I729
7945,T,V575
7919,N,B348
7911,D,K460
7875,N,G919
7870,N,B49
7842,E,E878
7782,C,C494
7758,N,D70
7735,T,V865
7716,B,I610
7620,N,B99
7598,D,K222
7514,B,I671
7508,B,I607
7497,U,Y848
7473,N,M462
7368,D,K831
7349,N,A412
7177,C,C570
7176,R,J989
7158,N,G936
7139,D,K519
7089,N,F209
7086,T,V959
7047,B,I270
7040,B,I071
7009,B,I139
6931,C,C880
6925,N,R090
6910,N,N183
6887,R,J939
6859,N,G822
6859,A,K852
6819,N,D62
6808,C,D481
6744,N,Q336
6710,N,P290
6678,B,I749
6645,R,J40
6613,N,M349
6612,N,N009
6550,X,W78
6537,R,J151
6509,C,C182
6483,B,I99
6474,B,I776
6468,B,I313
6455,R,J13
6421,N,G935
6412,N,Q234
6411,C,C260
6410,C,D377
6403,D,K565
6392,R,J46
6377,D,K861
6374,N,G049
6328,T,V059
6323,C,C250
6309,N,Q000
6269,N,B942
6257,N,G912
6240,C,C780
6228,N,P280
6197,C,C321
6172,N,F051
6160,T,V535
6111,B,I611
6039,N,F79
5997,D,K572
5996,P,Y11
5996,C,C579
5976,C,C609
5961,B,I358
5959,N,N139
5917,C,C492
5879,E,E835
5876,T,V860
5844,X,W31
5839,R,J129
5825,C,C139
5786,N,R91
5784,C,C443
5766,F,W07
5762,N,G709
5759,N,M313
5705,B,I501
5702,C,C480
5694,N,G711
5654,N,Q917
5620,N,A310
5608,X,Y21
5604,N,G039
5566,C,D45
5551,N,R64
5528,P,X40
5523,E,E105
5513,D,K430
5504,C,C37
5466,E,E101
5464,R,J42
5455,N,P523
5443,P,F199
5427,N,L984
5425,T,V495
5413,B,I803
5412,N,Q899
5354,H,Y871
5346,C,D320
5324,E,E880
5314,H,Y08
5293,C,C763
5279,C,C457
5277,C,C929
5265,B,I319
5242,N,A162
5237,X,W30
5236,N,Q273
5210,N,G610
5200,A,F107
5137,E,E111
5135,C,C711
5129,N,Q897
5123,N,N170
5114,E,E140
5109,N,M480
5105,E,E146
5082,B,I608
5058,U,Y832
5046,N,D693
5044,E,E45
5016,X,Y24
5011,D,K759
4950,E,E144
4945,B,I691
4931,B,I779
4929,N,Q790
4929,N,B349
4928,X,W76
4904,D,K223
4897,N,G629
4867,C,C919
4861,B,I959
4841,N,A498
4823,C,C689
4784,N,M625
4782,D,K551
4776,N,B212
4775,D,K661
4764,X,X09
4752,N,M311
4745,C,D487
4733,R,J154
4732,N,F54
4730,C,C089
4716,N,R13
4683,E,E059
4682,C,C450
4636,C,C680
4624,B,I099
4622,N,M359
4617,E,E877
4615,X,W70
4574,N,A491
4558,N,M419
4554,C,C837
4554,C,C717
4548,B,I341
4523,N,R060
4519,N,P219
4518,T,V869
4510,D,K403
4491,T,V041
4488,N,B206
4488,C,D376
4453,D,K593
4422,N,B218
4368,N,M139
4368,D,K829
4345,T,V030
4343,C,C241
4317,N,D849
4308,C,C319
4271,C,C830
4258,N,B91
4257,B,I702
4251,D,K275
4236,N,I120
4230,C,C435
4217,N,G300
4172,D,K750
4158,N,R068
4156,E,E876
4147,P,F141
4134,D,K224
4133,N,G92
4105,E,E440
4100,B,I428
4075,N,I110
4068,N,D860
4055,C,C01
4012,N,R960
3994,E,E831
3982,E,E107
3978,D,K632
3929,C,C712
3907,C,C699
3895,D,K319
3891,T,V090
3890,R,J82
3864,B,I630
3854,A,F103
3846,C,C65
3833,N,P916
3824,N,L930
3796,C,C844
3788,E,E114
3769,T,V139
3768,R,J60
3762,C,C925
3756,B,I425
3754,D,K469
3740,N,D899
3733,T,V439
3721,N,P832
3716,C,C310
3678,S,X76
3677,R,J850
3672,N,G459
3664,B,I421
3660,N,B342
3648,R,J09
3630,N,B377
3618,C,C782
3603,P,X60
3594,X,X49
3594,C,C710
3586,D,K590
3586,D,K228
3560,N,Q211
3550,N,G009
3543,U,Y579
3541,E,I120
3536,D,K358
3534,T,V545
3510,D,K20
3490,C,C716
3486,R,J981
3474,P,F149
3444,T,V194
3434,C,C951
3428,N,D761
3425,P,F151
3421,N,B59
3417,T,V586
3413,B,I741
3413,B,I459
3410,X,W87
3410,T,V134
3396,N,B232
3380,N,G938
3380,B,I471
3364,X,W73
3343,N,G903
3334,D,K220
3330,B,I692
3315,C,C434
3303,N,A169
3295,B,I515
3280,P,F159
3265,N,Q213
3265,N,P015
3265,D,K279
3257,U,Y830
3255,C,C924
3244,N,N498
3242,N,P269
3242,D,K768
3232,N,D500
3230,X,X37
3230,N,N10
3229,R,J398
3216,T,V446
3215,C,C155
3181,E,E840
3160,T,V489
3156,S,X82
3152,A,G312
3151,X,Y26
3150,U,Y833
3147,N,P209
3141,B,I400
3140,N,G062
3138,R,J985
3137,N,B004
3136,N,A481
3131,C,C437
3130,D,K805
3117,N,N133
3114,N,L97
3106,N,M332
3105,C,C767
3104,R,J450
3088,N,Q059
3087,N,P271
3084,N,G060
3073,X,Y20
3073,N,Q245
3070,C,C320
3054,E,E782
3051,N,A409
3037,N,M866
3032,B,I498
3030,E,I110
3027,D,K625
3026,R,J150
3024,U,Y836
3015,N,O268
3012,B,I209
3005,X,Y33
2994,T,V479
2992,N,M051
2973,C,C411
2959,D,K573
2954,D,K668
2949,E,E116
2946,N,A403
2917,B,I850
2907,C,D414
2903,B,I716
2901,C,C340
2897,N,Q039
2882,B,I772
2866,N,B205
2859,X,W22
2800,H,Y079
2787,C,C436
2783,N,R198
2765,D,K297
2763,N,D728
2749,D,K259
2747,D,K801
2741,N,M329
2737,B,I81
2734,X,W23
2734,N,B220
2733,C,C451
2727,R,J840
2723,D,K902
2720,N,G959
2715,C,D374
2714,N,Q043
2711,C,C901
2700,N,F322
2700,N,F319
2698,T,V199
2688,T,V890
2676,P,F111
2673,D,K269
2659,E,E848
2656,T,V599
2653,N,N321
2652,N,Q042
2648,A,F100
2646,T,V899
2646,E,E849
2636,B,I829
2625,N,M464
2619,C,C442
2608,N,G111
2586,C,D430
2585,U,Y846
2580,N,R578
2578,E,E274
2574,X,W40
2564,R,J209
2558,N,G119
2541,C,C253
2532,C,C495
2525,T,V196
2522,D,K311
2518,E,E752
2515,S,X84
2510,B,I081
2500,C,C383
2495,X,W83
2489,P,F119
2486,C,C709
2483,D,K439
2482,N,D589
2479,N,B181
2474,T,V929
2473,E,E639
2471,C,C915
2470,D,K800
2450,N,R001
2447,D,K638
2431,D,K721
2425,R,J432
2412,N,Q210
2392,N,B222
2382,N,M350
2380,N,M844
2380,C,C914
2374,N,G239
2374,N,A86
2373,N,G729
2372,U,Y834
2362,C,C218
2358,E,E722
2346,N,O961
2335,N,R418
2330,N,D868
2321,N,D570
2319,N,A923
2318,H,X97
2317,S,X83
2312,B,I723
2306,C,C490
2302,N,Q231
2302,N,G129
2301,R,J069
2298,C,D464
2293,F,W00
2290,D,K440
2287,N,N319
2283,N,R630
2282,T,V909
2275,U,Y838
2268,N,D591
2262,N,B441
2259,N,N049
2256,R,J852
2254,N,M609
2244,P,X85
2240,N,M341
2236,N,P012
2235,N,G406
2231,X,Y883
2227,U,Y835
2208,T,V870
2205,C,C713
2200,N,A414
2182,N,Q850
2167,D,K629
2166,N,A402
2166,B,I600
2160,B,I674
2159,N,M331
2158,R,J942
2156,B,I839
2151,N,Q602
2151,B,I771
2148,E,E271
2117,N,G618
2113,A,K860
2111,T,V536
2107,N,A084
2100,S,X69
2098,B,I638
2095,S,X66
2093,D,K112
2085,C,C049
2083,N,N309
2081,D,K350
2078,D,K766
2059,N,Q874
2056,N,B029
2044,B,I700
2040,N,Q049
2040,B,I690
2035,R,J679
2031,C,C412
2030,C,D479
2023,B,I091
2018,D,K564
2016,C,C761
2013,N,O998
2010,N,G819
2007,C,C902
1998,C,C184
1997,D,K221
1997,B,I728
1991,C,C740
1981,H,Y04
1979,C,C433
1977,R,J128
1975,N,D509
1973,N,P293
1971,D,K229
1968,N,L893
1968,D,K745
1959,C,C930
1958,B,I890
1939,N,N059
1932,T,V244
1927,P,F192
1927,C,D410
1926,N,G712
1924,N,G09
1922,C,D472
1911,N,G219
1909,X,Y17
1893,D,K920
1886,B,I348
1882,B,I770
1881,N,A180
1879,R,J431
1879,N,P780
1869,X,W24
1863,N,D686
1862,E,E035
1851,N,G14
1846,X,X06
1842,X,W32
1833,N,G373
1832,N,G911
1829,T,V594
1827,B,I352
1826,N,R298
1823,H,Y00
1823,C,C12
1814,C,C479
1805,N,M622
1803,T,V576
1790,N,P059
1784,N,Q248
1784,N,M353
1783,X,W28
1776,N,P529
1772,T,V685
1760,C,C493
1744,U,Y841
1739,C,C840
1735,N,N300
1732,F,W08
1713,T,V091
1705,T,V872
1704,R,J860
1700,N,R048
1700,N,L024
1692,C,C300
1691,C,D371
1689,N,R02
1687,B,I715
1685,E,E41
1684,D,K560
1683,N,Q871
1682,X,W85
1677,D,K803
1666,N,N329
1662,X,Y30
1662,D,K225
1661,N,L120
1661,C,C211
1658,N,Q878
1658,C,C252
1655,N,N201
1655,C,C33
1651,N,G838
1642,T,V874
1631,C,C549
1628,N,M316
1619,N,O960
1619,C,D352
1617,B,I743
1609,R,J121
1605,T,V239
1605,E,E213
1604,C,D370
1599,F,W15
1596,N,L029
1596,C,C969
1591,F,W14
1587,D,K37
1583,E,E230
1579,N,Q203
1574,N,N739
1573,X,W55
1563,U,Y442
1560,R,J980
1559,B,I778
1557,N,G908
1557,N,G808
1556,A,F104
1551,N,M109
1548,C,C342
1544,T,V800
1543,C,D431
1542,C,C445
1538,C,C835
1537,D,K420
1536,N,M402
1528,D,K611
1526,N,P000
1515,N,G403
1511,X,W33
1508,E,E110
1494,X,W68
1494,N,G238
1490,N,O994
1489,C,C402
1484,N,B451
1483,N,F500
1475,X,X04
1458,N,Q02
1455,X,X23
1451,N,G002
1445,N,G600
1444,N,L022
1440,T,V496
1435,D,K739
1435,C,C414
1433,N,Q282
1432,C,C186
1431,N,G98
1431,D,K868
1428,C,C059
1424,B,I253
1422,N,B179
1419,T,V235
1417,N,M489
1417,C,C838
1415,B,I083
1413,R,J392
1409,N,A418
1407,N,R190
1400,R,J982
1394,D,K226
1391,N,Q898
1387,T,V204
1384,R,J22
1382,E,E079
1380,D,K929
1378,C,C380
1376,C,C729
1366,N,D66
1366,B,I513
1363,N,L033
1355,N,P023
1354,F,W02
1353,S,Y870
1350,X,X01
1345,X,W86
1345,D,K811
1337,D,K660
1321,N,K703
1315,C,C530
1313,N,A048
1311,T,V279
1310,R,J64
1308,N,P251
1308,C,C384
1298,B,I349
1297,B,I409
1294,C,C839
1293,C,C009
1287,N,L989
1287,B,I677
1286,R,J851
1286,N,B200
1284,C,C491
1279,T,V289
1278,N,B199
1271,N,Q789
1271,N,P070
1268,E,E512
1266,H,Y03
1266,E,E222
1265,B,I443
1263,D,K909
1262,T,V871
1261,N,M549
1259,N,Q606
1259,C,C251
1258,N,Q999
1250,N,M600
1250,C,C172
1249,N,O96
1249,A,Y15
1248,B,I828
1246,C,C720
1244,C,D443
1243,T,V051
1243,C,C410
1236,B,I060
1234,D,K296
1233,T,V866
1231,R,J380
1231,N,D682
1224,N,L511
1219,N,F259
1216,N,G824
1216,C,C447
1215,R,J329
1214,T,V295
1214,N,B210
1209,N,P229
1208,X,X08
1207,C,C254
1199,N,G628
1199,C,D391
1198,T,V595
1198,N,F439
1190,C,C051
1188,N,N135
1179,R,J628
1177,T,V189
1176,N,Q780
1173,N,G379
1169,E,E781
1167,N,P018
1166,N,Q212
1165,R,J14
1164,N,M310
1159,N,Q614
1153,N,G952
1150,X,X46
1149,N,G404
1149,C,D486
1147,N,N839
1144,C,C399
1144,B,I078
1143,U,Y842
1143,C,D332
1142,C,C171
1140,N,D735
1139,N,A319
1136,N,N823
1127,N,F72
1123,R,J930
1121,T,V040
1117,T,V589
1117,N,P60
1113,N,D759
1113,N,B449
1107,B,I878
1098,X,Y872
1095,B,I424
1093,N,L512
1090,C,D480
1085,U,X58
1085,T,V863
1083,N,N188
1075,N,N63
1075,C,C060
1074,N,F171
1069,T,V050
1068,N,N26
1068,N,D758
1068,C,C446
1067,N,P364
1066,T,V546
1066,D,K266
1060,N,G951
1058,R,J219
1054,C,D444
1054,B,I612
1053,B,I872
1052,B,I339
1050,N,G210
1048,B,I618
1044,T,V645
1043,T,V849
1038,N,J439
1034,B,I859
1033,C,C788
1029,N,P352
1023,R,J156
1022,N,N320
1022,N,G001
1016,N,D648
1016,C,D180
1015,B,I809
1014,N,P968
1014,C,C913
1011,B,I311
1009,R,J948
1004,C,C080
1003,N,B219
1002,N,F419
1000,N,Q279
1000,N,D688
1000,B,I724
998,N,Q250
997,T,V296
995,N,B259
994,N,R634
994,N,P239
990,E,E340
989,N,G08
988,E,E232
987,N,D694
986,B,I830
985,N,R571
984,C,D379
984,B,I289
984,B,I260
983,E,E050
982,T,V861
981,N,R55
980,N,G932
974,T,V675
973,D,K822
964,C,C693
963,N,M053
958,N,P368
957,C,C481
954,N,G839
954,N,F200
953,T,V950
952,N,G061
951,E,E104
949,P,Y10
948,N,P039
944,N,B213
937,N,F73
937,N,B250
936,T,V919
932,N,D695
927,R,J182
927,N,A812
927,D,K804
925,N,Q225
923,R,J986
922,N,M351
921,T,V285
917,C,C718
916,N,A199
915,X,W54
912,A,X65
911,C,C050
909,N,Q251
909,N,D685
907,F,W12
906,N,P038
906,N,M45
906,B,I051
905,N,Q230
905,N,N028
905,B,I271
904,N,L988
903,N,G909
898,U,Y356
896,C,C469
893,N,M513
893,B,I606
890,D,K227
889,N,Q771
889,N,B009
889,D,K409
885,D,K839
878,P,F112
873,X,W49
868,P,X63
868,N,P399
868,C,C917
865,C,I110
863,D,K863
861,E,E713
860,T,V699
859,H,X92
858,D,K628
855,N,B159
851,C,D390
850,R,J931
843,C,C696
842,N,Q601
842,C,D151
840,N,F842
839,C,C923
838,B,I288
834,T,V224
834,E,I132
833,B,I780
832,E,E538
829,N,Q255
825,X,X03
822,N,N429
818,N,N492
817,N,R064
816,T,V099
816,F,W16
811,D,K461
809,N,B909
808,N,P279
808,D,K928
806,N,P240
804,X,Y22
803,N,Q019
803,B,I740
801,R,J155
800,N,M259
800,B,I229
798,N,R042
798,N,M889
795,N,Q070
792,B,I951
791,C,C779
790,C,C947
789,N,B332
787,D,K552
785,D,K633
785,D,K630
783,T,V455
781,D,K669
780,D,K047
780,B,I200
779,C,C639
777,B,I631
776,T,V905
770,N,Q935
770,N,Q792
769,D,K761
765,N,G724
760,C,D372
759,C,D181
758,N,Q200
756,N,Q851
756,C,D375
755,C,D473
754,N,Q793
751,N,A09
751,D,K900
748,B,I342
747,C,D400
744,T,V949
744,N,O903
738,N,M861
738,E,E055
738,A,F106
737,N,B340
735,T,V021
735,D,K561
735,B,I312
730,N,N151
730,C,C765
726,R,J387
724,D,K413
724,B,I675
723,N,A879
719,N,Q256
719,C,C039
719,B,I720
718,N,Q031
715,N,Q283
714,E,E049
713,N,M300
713,A,K292
712,B,I252
710,T,V184
710,N,M301
709,E,E754
705,N,P044
705,C,C504
703,N,A394
703,C,C223
702,U,Y355
700,H,Y069
697,C,I120
696,N,I132
694,N,D510
692,N,N324
691,N,M729
688,D,K210
686,C,C759
684,B,J439
682,B,I278
680,X,X38
680,C,D150
679,N,P250
678,N,P005
677,C,C751
677,C,C700
676,B,I722
668,R,J158
668,N,C97
667,N,N939
667,N,M317
666,X,X36
666,N,B382
665,T,V275
665,N,N280
665,N,G930
664,N,I119
663,N,P969
663,N,N132
663,N,F29
660,N,A400
659,D,K838
654,N,G950
643,B,I089
642,X,W77
641,C,C741
640,E,E100
639,R,J848
638,N,F431
638,E,E830
637,T,V449
637,E,I119
637,C,C785
634,D,K256
634,C,C163
633,N,P285
631,X,X33
631,B,I725
629,N,D593
627,N,Q046
627,N,F840
626,N,H669
624,N,Q872
623,N,Q201
622,D,K635
620,C,D350
618,D,K359
617,X,X11
617,C,C714
616,N,K704
616,N,D752
612,N,F205
611,N,P614
611,N,P351
610,B,I079
609,D,K623
604,B,I441
604,B,I361
602,N,P524
602,N,B399
600,N,R104
598,N,D539
598,C,D259
597,N,B378
596,C,D383
596,B,I208
595,B,I748
594,R,J118
594,N,Q054
594,B,I864
593,N,A430
592,N,A483
589,X,W44
589,B,I701
588,N,M899
586,U,Y600
586,N,Q928
586,D,K088
584,N,Q870
582,N,F508
581,N,N768
581,C,D380
581,B,I871
580,N,Q929
579,N,G713
578,N,F99
575,T,V925
575,N,L023
574,R,J157
574,N,B217
571,N,A401
571,B,I052
570,B,I822
568,N,R509
568,N,G360
568,D,K598
568,C,C850
567,X,Y31
567,C,C500
566,N,M340
564,B,I456
560,N,N209
560,C,D333
559,T,V840
556,B,I820
552,E,E660
550,C,C432
550,C,C311
549,N,Q040
548,N,D839
548,C,D369
547,N,P008
547,N,B211
546,C,D434
545,N,M478
545,N,G969
545,N,B020
545,C,C222
544,T,V093
541,R,J108
541,N,G259
540,N,N119
536,N,M868
535,N,N859
535,C,D126
531,N,Q612
528,X,Y28
527,N,G901
527,E,E279
526,T,V484
526,N,D760
525,D,K563
525,B,I621
524,N,M179
524,C,C677
523,T,V845
523,C,C348
522,N,P549
521,N,F202
521,N,A021
520,D,K122
520,B,I898
518,N,H709
518,B,I301
516,N,O881
516,N,G372
515,N,G214
512,N,M623
512,C,C062
511,N,Q796
510,N,Q433
510,N,Q321
510,N,G249
510,N,D739
510,E,E740
509,N,Q442
509,N,A280
508,N,R636
508,D,K316
508,C,C753
507,F,W04
504,N,Q204
504,N,G258
503,B,I213
502,X,Y23
502,N,C349
500,X,W66
500,N,P360
497,X,W25
494,C,C090
491,N,N159
490,D,K431
489,X,X39
489,N,Q894
489,E,E15
488,B,M348
487,T,V952
487,N,N052
486,N,B027
486,B,I801
485,N,P960
485,D,K921
485,C,C261
484,E,E762
483,D,K284
482,N,M793
482,E,E106
481,N,O266
480,N,M879
478,N,O95
478,D,K250
477,B,I447
476,X,X02
476,R,J051
474,C,C755
473,N,Q339
472,C,D361
471,N,P964
471,E,E883
470,U,Y608
470,N,P378
468,R,J700
468,P,X43
468,B,I309
467,R,J390
466,T,V579
465,N,P022
465,N,M358
464,N,R470
464,N,M479
460,N,R98
460,N,M169
458,B,J459
457,N,B258
456,R,J386
456,N,D891
455,N,G609
455,E,E249
454,N,R074
454,D,K851
454,C,C030
453,N,Q079
453,N,G961
451,N,B270
450,N,G253
450,N,D721
448,C,C183
448,B,I510
445,X,Y19
444,N,L929
444,N,L021
443,N,Q893
443,N,L409
443,N,B387
443,D,K758
443,B,I673
442,N,B389
441,N,L109
441,N,G244
437,C,D439
437,B,I427
436,N,D763
434,N,Q619
434,N,Q224
434,N,A523
433,N,M898
433,D,K589
432,N,Q431
432,N,D801
432,D,K740
432,D,K501
432,C,C501
431,U,Y658
430,C,C400
430,B,I082
429,N,Q262
429,N,G728
428,N,D71
427,X,X53
425,C,C508
424,E,E888
423,R,J122
423,N,Q998
421,N,Q254
420,N,O985
417,C,C750
415,D,K295
413,N,G718
411,N,P024
411,N,G008
410,N,J459
409,N,G801
409,N,B379
409,N,B371
409,B,N188
408,U,Y434
408,N,Q858
408,N,Q396
408,N,A049
407,N,D892
404,N,A081
403,N,Q600
402,N,B162
401,T,V555
401,T,V149
399,E,E834
398,N,Q639
397,D,K904
397,D,K276
396,R,J208
396,E,E750
394,X,Y32
394,N,F819
391,N,Q611
391,N,P375
391,N,M159
391,D,K658
390,T,V694
390,N,A321
389,N,G218
388,E,E063
388,B,I090
386,T,V144
384,E,E786
382,N,B457
381,R,J123
381,N,P522
381,N,D731
379,C,D429
378,N,D610
377,B,I738
376,B,I958
374,N,B465
374,D,K626
374,D,K429
372,N,P025
371,N,K709
370,N,Q239
370,E,K703
370,C,D137
369,N,B341
368,N,R098
368,N,A390
368,D,K862
367,T,V972
367,T,V951
367,T,V539
367,N,D699
367,N,B022
367,E,E129
364,C,C258
363,U,Y433
363,D,K353
362,N,Q927
362,N,F412
361,N,Q208
361,N,L032
360,N,Q969
360,N,M050
358,R,J210
358,N,Q048
358,N,L88
357,N,Q822
357,N,P90
357,N,O882
356,N,L539
356,N,B189
356,D,K290
354,N,M052
354,E,E441
353,D,K298
353,B,I201
352,N,M797
352,B,I731
351,R,J383
351,N,M432
350,N,P362
350,N,F067
349,N,G048
349,N,B202
349,D,K404
349,C,D219
348,N,G800
347,D,K315
347,B,I058
344,N,N419
344,N,D530
344,C,C574
342,T,V039
342,C,C322
341,T,V887
340,N,Q688
340,N,D762
339,T,V280
339,E,E778
338,T,V635
338,N,A439
336,N,R402
335,P,F142
335,N,N308
334,C,C811
333,N,G958
333,N,D529
332,B,I401
331,U,Y604
330,R,J680
330,N,O993
330,N,B374
328,C,C841
327,R,J188
327,N,G114
327,C,C577
324,E,E210
324,B,I745
324,B,I744
323,T,V470
323,N,N61
323,D,K352
322,C,C791
321,R,J120
321,N,L405
320,N,P298
319,C,C764
318,N,R100
318,N,M519
318,D,K571
318,C,C792
317,X,Y16
317,N,Q246
316,N,Q819
316,N,P210
316,C,C794
315,N,B209
314,N,G030
314,C,C111
313,R,J041
313,N,Q933
313,N,P288
313,C,C58
312,N,A408
311,N,O995
311,N,N138
311,N,L038
310,N,P020
310,N,N328
309,N,P548
309,N,D643
309,B,I069
308,N,N182
307,D,K528
307,C,C694
306,N,P002
306,C,C692
306,C,C632
305,N,Q438
304,N,R739
304,D,K850
303,T,V583
303,T,V456
303,N,R11
303,C,D441
302,T,V480
302,N,Q253
302,N,Q244
302,N,Q218
302,C,C441
300,N,F181
300,N,A480
298,N,G308
296,N,L100
296,B,I730
296,B,I011
295,N,Q890
295,E,E761
293,T,V293
293,D,K763
293,C,D483
291,C,C185
289,T,V270
289,N,F172
289,N,D819
288,T,V182
288,N,B007
288,H,X88
287,N,O149
287,N,D599
287,N,A391
287,C,D484
286,N,G589
286,N,D680
285,N,O101
285,E,E858
285,C,C695
285,C,C162
284,N,R000
284,N,M545
284,E,E272
284,C,D134
283,N,R522
283,N,D508
282,T,V405
282,N,Q446
282,N,F502
281,C,C678
280,E,J459
279,X,X50
279,T,V878
279,N,A819
279,C,D022
278,R,J384
278,N,D821
278,C,C510
277,N,A411
276,N,Q605
274,N,D609
273,T,V689
273,N,O249
272,X,X16
272,N,M314
272,B,I281
271,N,N359
270,N,A413
270,C,C413
269,S,X68
269,B,I451
268,N,O754
268,N,F432
267,N,N719
267,N,N709
267,N,M352
267,N,A327
266,U,Y450
266,N,N258
264,N,O009
263,N,G120
263,C,C715
262,N,Q675
262,E,E143
261,R,J670
261,N,G255
261,N,B008
261,C,C496
261,C,C188
260,T,V958
260,N,Q642
260,N,A020
260,D,K741
259,E,E743
258,N,P284
258,N,D841
258,C,C940
257,T,Y859
257,T,V913
257,N,N482
257,N,D733
256,A,K702
254,T,V926
254,N,G121
254,D,K901
254,B,I788
253,T,V596
253,N,N399
253,N,N058
253,D,K520
250,C,C781
249,E,J439
249,B,I831
248,N,G003
248,N,F220
247,B,I879
246,R,J348
246,N,N412
246,N,G821
246,N,A488
246,D,K289
245,T,V686
245,N,M512
245,N,D684
245,C,C161
244,N,N111
244,N,M469
244,N,G834
244,H,Y01
243,N,M319
243,N,A692
242,D,K610
242,B,I511
240,N,O159
240,N,N948
240,N,B409
240,C,C675
239,X,Y891
239,U,Y427
239,N,N649
239,B,I308
238,N,P042
238,N,D573
238,D,K521
238,C,C164
237,T,V290
237,N,M100
237,N,B392
237,E,E237
237,C,C931
236,U,Y575
236,N,P398
236,N,M471
236,D,K599
236,C,D447
236,B,I849
236,B,I254
235,N,B459
235,E,E220
235,C,C154
232,N,G918
232,N,A778
232,C,D397
231,N,M818
231,C,C939
231,C,C153
230,U,Y849
229,X,W29
229,N,P289
229,N,F919
229,N,B402
229,D,K510
229,B,I493
228,T,V174
228,N,Q257
228,N,M080
227,N,R900
227,N,Q794
227,N,N055
227,N,G603
227,N,C80
227,D,K570
227,D,K102
227,B,I512
225,N,Q798
225,N,Q439
225,E,E763
224,X,X25
224,N,Q643
224,N,M130
224,C,D420
223,N,P292
223,N,O970
223,C,C313
223,B,I670
222,X,W21
222,C,D449
220,N,O16
220,D,K604
220,C,D27
219,N,Q938
219,N,B440
219,E,E873
219,C,D136
219,C,C832
219,C,C502
218,N,N832
217,N,Q430
217,N,F89
216,T,V809
216,R,J029
216,C,C770
215,X,W37
215,N,G500
214,N,P942
214,E,E711
213,X,W64
213,R,J941
213,N,D569
213,N,B384
213,E,E852
213,C,D485
212,X,X12
212,N,N210
211,D,K137
210,D,K828
208,N,O988
208,E,E113
208,C,C967
207,N,N136
207,C,C670
206,C,D462
205,U,Y840
205,N,A492
204,P,F193
204,N,Q772
204,D,K260
204,B,I773
203,N,Q795
203,C,D482
202,N,Q447
201,X,W94
200,X,W81
200,C,D445
199,N,Q226
198,N,R18
198,N,P910
198,N,F509
197,N,G042
197,C,D440
196,N,G250
195,N,B941
194,C,D385
193,N,L732
193,N,D572
192,T,V695
192,T,V249
192,N,N312
192,N,D594
192,N,A379
192,C,D239
191,T,V549
191,T,V493
191,C,C942
190,C,D386
189,T,V483
189,N,Q774
189,N,Q264
189,N,D738
189,E,E720
187,X,W36
187,T,V245
187,N,M509
187,E,E343
186,T,V876
186,E,E802
186,E,E725
185,N,O100
185,N,N304
185,N,H050
185,N,B450
185,E,E841
184,N,P363
184,N,G232
184,N,D595
184,E,K704
184,C,C323
183,T,V850
183,T,V459
183,N,G040
182,X,W39
182,T,V939
182,N,P013
182,N,N142
181,T,V498
181,R,J020
180,X,X19
180,N,L309
179,N,F239
178,R,J949
178,N,M629
178,C,C031
177,N,D561
177,N,A170
176,R,J938
176,N,R629
175,X,W57
175,N,P030
175,N,P026
175,N,F072
175,E,E721
175,C,C052
174,N,Q390
174,N,B600
174,C,C672
174,B,I018
173,N,Q333
173,N,L892
173,E,E744
173,C,C790
172,T,V179
172,N,H540
172,E,G309
172,E,E042
172,D,K450
171,U,Y409
171,T,V584
171,T,V209
171,N,N211
171,N,G910
170,N,R222
170,N,P051
170,N,O721
169,N,Q828
169,N,Q315
169,N,N811
169,N,N302
169,E,E751
169,C,J439
168,R,J36
168,N,Q349
168,N,P504
168,N,A89
168,E,E760
168,D,K732
168,D,K291
167,U,Y609
167,T,V193
167,N,Q610
167,N,Q044
167,E,E748
166,R,J391
165,N,M541
164,N,Q934
164,N,G230
164,D,K121
164,B,I455
163,N,F09
162,E,E853
162,C,C822
161,U,Y484
161,T,V180
161,N,M318
161,N,I219
161,N,G968
160,T,V425
160,E,E250
159,N,R221
159,N,Q791
159,N,N322
159,N,M796
159,B,I440
158,N,R638
158,N,Q939
157,P,F152
157,N,B376
157,C,D351
156,T,V923
156,T,V902
156,N,R31
156,N,Q743
156,N,P361
156,C,C150
155,T,V786
155,R,J701
155,N,N019
155,N,M082
155,N,G113
155,N,B204
155,E,E833
155,C,I132
154,R,J632
154,N,I251
154,F,W03
154,A,G621
153,N,Q233
153,N,Q030
153,N,N057
153,N,M255
153,N,L129
153,N,D690
153,N,D613
152,N,Q992
152,N,L028
152,N,B380
152,D,K818
152,D,K421
152,C,C001
151,N,Q240
151,N,N022
151,N,I638
151,N,A329
150,T,V490
150,N,N137
150,C,C796
150,C,C578
149,N,Q799
149,N,G608
149,C,C834
148,T,V580
148,P,F139
148,N,Q860
148,N,O85
148,N,F411
148,N,B690
147,U,Y844
147,R,J385
147,N,Q459
147,N,N501
147,E,E209
146,N,N882
145,N,B949
145,C,I119
145,C,C091
145,B,I781
144,T,V049
144,N,R798
144,N,A521
144,B,I088
143,X,W51
143,N,P003
143,N,N824
143,N,N051
143,N,D803
142,R,J399
142,N,O469
142,N,N368
142,E,I739
142,E,E640
142,E,E148
142,D,K441
142,B,I150
141,T,V581
141,D,K30
141,C,D412
141,B,I832
140,T,V205
140,C,D330
140,C,C268
139,U,Y606
139,T,V655
139,T,V159
139,N,R263
138,X,X10
138,N,R601
138,N,P912
138,N,P543
138,N,P159
138,N,P031
138,N,O459
138,N,N251
137,T,V804
137,R,J411
137,P,F129
137,N,D582
137,H,Y02
137,C,D051
137,C,C467
136,X,W50
136,N,N459
136,N,N250
135,T,V646
135,N,L020
135,D,K500
135,B,I742
134,X,X48
134,N,Q219
134,N,A029
134,D,K624
134,B,I454
133,T,V906
132,X,X21
132,R,J324
132,N,N764
132,N,B447
132,D,K317
132,C,C674
131,R,J853
131,N,Q268
131,D,K285
131,D,K113
130,T,V928
130,R,J218
130,N,R040
130,C,D477
130,C,D367
130,C,D177
129,N,R609
129,N,P612
129,N,O759
129,N,B023
129,D,K823
129,C,D143
128,T,V847
128,T,V434
128,S,X75
128,N,P112
128,N,G405
128,N,D809
128,N,C220
128,B,I061
128,B,I00
127,T,V859
127,N,N814
127,E,E236
127,E,E164
126,N,Q348
126,N,P035
126,N,M503
126,C,C024
125,T,V843
125,N,P249
124,N,B333
124,N,A872
123,X,X15
123,C,K703
122,T,V962
122,N,O969
122,C,D132
122,C,C440
121,T,V855
121,N,R75
121,N,Q782
121,N,N950
121,N,M941
121,B,I159
120,T,V943
120,R,J040
120,N,Q445
120,N,N130
120,N,G450
120,N,B011
120,C,C301
119,T,V229
119,N,Q330
119,N,G708
119,E,E611
119,E,E103
119,C,D467
118,P,F197
118,N,O223
118,N,M431
118,D,K716
118,C,C945
117,X,X20
117,N,Q678
117,N,Q232
117,E,E701
117,C,C505
116,T,V873
116,T,V556
116,N,Q873
116,N,O908
116,N,N202
116,D,K592
116,C,D131
115,T,V649
115,N,P261
115,N,B407
115,C,D382
115,C,D059
114,T,V587
114,P,F113
114,N,Q392
114,N,G803
113,T,V406
113,N,R943
113,N,N858
113,C,C168
112,D,K908
111,T,V676
111,N,P350
111,C,D179
111,C,C158
111,B,I423
110,N,M303
110,N,F39
110,N,D751
110,N,B019
110,B,I774
109,N,Q764
109,N,Q012
109,N,P036
109,N,O001
109,N,M890
109,N,G904
109,N,G378
109,N,A770
109,D,K261
109,C,C772
108,T,V598
108,R,J019
108,N,Q759
108,N,G031
108,C,D373
107,U,Y524
107,T,V922
107,E,E122
107,D,K351
107,C,C943
107,C,C857
107,C,C671
107,B,I408
106,T,V481
106,N,N410
106,N,G474
106,C,C961
106,C,C688
105,N,Q320
105,E,E348
105,D,K251
105,B,I808
104,T,V903
104,N,P236
104,N,G402
104,N,B003
104,N,A044
104,E,E770
104,C,C962
103,N,P071
103,N,P016
103,N,M000
103,E,E756
103,C,C503
103,C,C431
102,N,P017
102,N,L030
102,C,D321
102,C,D169
102,C,D010
101,T,V816
101,R,J920
101,P,Y13
101,N,P230
101,N,G831
101,E,E041
101,C,C723
101,C,C100
100,N,A318
99,N,U070
99,N,R17
99,C,C531
98,U,Y453
98,N,M798
98,N,B789
97,U,Y443
97,T,V961
97,T,V298
97,T,V060
97,N,R599
97,N,G588
97,N,G401
97,N,D580
97,N,B787
97,E,E052
97,C,C820
97,B,I210
96,X,W92
96,X,W27
96,T,V819
96,N,Q419
96,N,Q278
96,N,N360
96,N,N301
96,N,G802
96,E,E40
96,E,E310
95,T,V471
95,N,Q318
95,N,H440
95,N,B460
95,N,A045
95,E,K709
95,D,K627
95,B,I868
94,U,Y590
94,N,N809
94,N,L26
94,N,G000
94,N,D898
94,H,Y071
94,E,E269
93,N,P701
93,N,M702
93,N,G960
92,X,Y880
92,N,P358
92,N,M878
92,N,H353
92,N,F55
92,N,B448
92,E,E851
91,X,W26
91,N,R413
91,N,G510
91,E,I251
91,B,I848
90,T,V282
90,T,V192
90,R,J320
90,N,Q984
90,N,Q773
90,N,P009
90,N,B589
90,D,K119
89,N,Q288
89,N,O364
89,N,M192
89,N,B279
89,E,E791
88,T,V867
88,N,Q038
88,N,N141
88,N,H498
88,N,F323
88,N,B370
88,N,A420
88,D,K711
87,X,W45
87,T,V570
87,N,L905
87,N,G470
87,N,G439
87,N,G241
87,E,E724
87,C,D090
87,C,C957
86,U,Y423
86,T,V124
86,R,J691
86,N,D692
86,N,D531
86,H,X98
86,D,K820
86,D,K149
85,T,V011
85,N,M711
85,N,H409
85,D,K719
85,B,K704
85,B,I379
84,T,V292
84,P,F131
84,N,Q754
84,N,N281
84,N,M808
84,N,M257
84,N,B54
84,N,A183
84,E,E349
84,D,K294
84,B,I310
83,T,V784
83,T,V195
83,N,P613
83,N,P232
83,N,O996
83,N,O141
83,N,L982
83,N,A438
83,D,K744
83,C,C248
82,U,Y522
82,N,N411
82,D,K753
82,D,K257
82,C,C430
82,B,I899
82,B,I062
81,T,V465
81,T,V426
81,N,Q453
81,N,P392
81,N,D823
81,N,D820
81,E,E723
81,C,D399
80,T,V264
80,N,U049
80,N,M858
80,N,B334
80,D,K414
80,C,J459
80,C,D165
80,C,C797
80,B,I369
80,B,I070
79,U,Y605
79,T,V973
79,T,V487
79,N,B572
79,D,K833
78,T,V953
78,R,J672
78,N,Q359
78,N,M954
78,N,I739
78,N,G933
78,N,B588
78,N,A165
78,C,D448
77,N,D67
77,N,B461
77,B,I370
76,U,Y578
76,T,V135
76,N,Q289
76,N,N489
76,N,G529
76,N,B012
76,C,C725
76,B,I378
76,B,I300
75,R,J039
75,N,Q263
75,N,P809
75,N,P702
75,N,P528
75,N,P371
75,N,O711
75,N,L139
75,N,B021
75,H,Y078
75,E,E790
75,C,C944
75,C,C771
75,B,I823
74,T,V857
74,N,Q220
74,N,M841
74,N,M608
74,N,M542
74,N,L00
74,N,A288
74,E,E771
74,C,C673
74,B,I371
74,B,I211
73,U,Y483
73,T,V582
73,T,V559
73,T,V225
73,T,V020
73,R,J451
73,R,J153
73,N,M245
73,D,K277
73,D,K270
72,N,Q423
72,N,G418
72,N,A539
72,C,C701
71,N,R529
71,N,G937
71,N,G408
71,N,D890
71,E,E031
70,T,V908
70,T,V839
70,N,Q221
70,N,P001
70,N,N820
70,N,M500
70,N,G900
70,N,D802
70,H,X89
70,E,E160
69,X,W38
69,U,Y357
69,T,V683
69,T,V593
69,T,V154
69,P,F117
69,N,M488
69,N,M414
69,N,G720
69,N,F453
69,N,A080
69,E,E278
69,E,E069
69,D,K603
69,C,C601
69,B,I452
68,T,V99
68,T,V799
68,R,J042
68,N,P393
68,N,O97
68,N,H700
68,N,D749
68,E,E215
68,D,K029
68,C,D300
68,C,D075
68,C,C151
67,U,Y408
67,T,V805
67,T,V430
67,N,R591
67,N,O720
67,N,M502
67,N,L270
67,N,B338
67,N,A178
67,D,K389
67,C,C676
66,T,V679
66,T,V429
66,R,J709
66,R,J634
66,N,Q859
66,N,Q770
66,N,Q410
66,N,M064
66,N,A051
66,C,D099
66,C,C212
65,X,Y890
65,N,Q891
65,N,Q750
65,N,Q228
65,N,A529
65,E,E569
65,C,C821
65,C,C631
64,T,V129
64,N,Q229
64,N,M728
64,N,D800
64,N,A493
64,C,D461
64,C,C021
64,A,I110
63,X,X05
63,T,V474
63,N,O432
63,N,M895
63,N,M792
63,N,G811
63,N,G371
63,N,G211
63,N,F444
63,C,C452
62,N,Q761
62,N,P509
62,N,O992
62,N,O142
62,N,J449
62,N,F018
62,N,D691
62,N,A509
62,N,A022
62,C,C812
61,U,Y445
61,U,Y362
61,T,V491
61,P,F140
61,N,Q399
61,N,F489
61,D,K419
61,C,D015
60,T,V879
60,T,V505
60,N,Q620
60,N,Q615
60,N,O150
60,N,N509
60,N,M611
60,N,D560
60,D,K558
60,D,K299
59,U,Y401
59,T,V230
59,R,J00
59,N,R560
59,N,R270
59,N,Q676
59,N,Q269
59,N,P783
59,N,P241
59,N,M463
59,N,L891
59,N,A188
59,D,K821
59,D,K458
59,D,K400
59,C,C768
59,C,C506
59,B,I479
58,T,V835
58,T,V482
58,T,V190
58,R,J929
58,R,J359
58,N,P550
58,N,P158
58,N,N829
58,N,M481
58,N,K860
58,N,I609
58,N,C20
58,N,B190
58,N,A520
58,N,A35
58,H,X96
58,D,K613
58,C,D384
57,T,V888
57,R,J205
57,N,Q334
57,N,O991
57,N,F71
57,N,A370
57,E,E850
57,D,K402
57,C,D411
57,C,C312
57,B,I950
56,T,V891
56,T,V746
56,N,Q892
56,N,Q631
56,N,L401
56,E,E755
56,D,K263
56,C,D446
56,C,D135
55,T,V696
55,T,V684
55,T,V636
55,N,R680
55,N,Q811
55,N,Q069
55,N,O411
55,N,M510
55,N,J40
55,E,N188
55,E,I131
55,E,E703
55,E,E233
55,E,E161
55,C,D141
55,B,I842
55,B,I098
54,U,Y602
54,U,Y497
54,N,M791
54,N,C189
54,N,A039
54,C,K704
54,C,C836
53,X,W35
53,T,V565
53,N,Q388
53,N,G248
53,N,B582
53,C,C542
53,C,C390
53,B,I368
52,T,V590
52,T,V492
52,N,R33
52,N,O971
52,N,H602
52,N,F410
52,N,F058
52,H,Y068
52,E,E784
52,E,E268
52,E,E139
52,C,D331
52,C,C817
51,X,X13
51,R,K704
51,R,J050
51,N,Q045
51,N,O235
51,N,M436
51,N,E145
51,N,C509
51,D,K832
51,D,K148
51,C,D000
51,B,I889
51,A,I119
50,U,Y400
50,T,V801
50,T,V698
50,T,V680
50,T,V639
50,T,V131
50,R,J381
50,N,N144
50,N,M948
50,N,L519
50,N,J189
50,N,F070
50,N,B479
50,D,K070
50,C,C690
50,C,C224
50,B,M052
49,T,V130
49,R,J304
49,N,Q648
49,N,P235
49,N,N508
49,N,M790
49,F,W09
49,E,E260
49,D,K765
49,C,C131
48,T,V132
48,R,J430
48,N,R160
48,N,Q311
48,N,P781
48,N,P253
48,N,O723
48,N,N421
48,N,F82
48,N,F332
48,N,F013
48,N,A072
48,C,C023
48,B,I891
48,B,I318
48,B,I241
48,B,I212
47,T,V945
47,T,V924
47,T,V875
47,T,V272
47,T,V198
47,T,V061
47,N,R049
47,N,Q751
47,N,M626
47,N,I64
47,N,C259
47,N,B464
47,N,A985
47,D,K253
47,D,K052
47,C,D334
47,C,C754
47,C,C475
46,T,V119
46,N,Q820
46,N,Q391
46,N,O229
46,N,N838
46,N,M339
46,N,H609
46,N,G619
46,D,K512
46,C,D401
46,C,C257
46,B,I708
45,X,Y25
45,U,Y69
45,T,V864
45,N,R008
45,N,Q223
45,N,L108
45,N,J690
45,N,H919
45,N,B86
45,D,K580
45,D,K267
45,B,K703
45,A,G721
44,T,V254
44,P,F121
44,N,R908
44,N,P700
44,N,P592
44,N,O987
44,N,G804
44,N,F70
44,N,F339
44,N,D848
44,N,B343
44,N,A548
44,C,C827
44,C,C774
44,C,C538
44,C,C381
44,B,J40
43,N,Q758
43,N,Q649
43,N,Q647
43,N,Q324
43,N,M415
43,N,G361
43,N,F010
43,N,B89
43,N,A832
43,E,E291
43,D,K056
43,C,D120
43,C,C543
42,X,X29
42,U,Y462
42,T,V818
42,R,J620
42,R,J438
42,R,J323
42,N,Q214
42,N,P559
42,N,P38
42,N,N920
42,N,N323
42,N,H701
42,N,D824
42,N,C229
42,N,A858
42,H,Y05
42,D,K117
42,C,C108
41,N,Q776
41,N,Q444
41,N,P372
41,N,M719
41,N,M439
41,N,I674
41,N,A429
41,E,E874
41,C,C784
41,C,C472
41,C,C103
40,X,X14
40,U,Y495
40,T,V431
40,R,J010
40,N,R14
40,N,Q809
40,N,N760
40,N,N171
40,N,L088
40,N,G479
40,N,F341
40,C,D419
40,C,C773
40,B,I491
39,X,Y881
39,X,Y29
39,U,Y479
39,T,V960
39,T,V946
39,T,V830
39,T,V798
39,T,V736
39,T,V525
39,T,V409
39,T,V170
39,N,R600
39,N,Q411
39,N,Q379
39,N,P526
39,N,L121
39,N,H810
39,N,F429
39,H,Y061
39,D,K858
39,D,K36
39,C,C022
38,N,R410
38,N,P769
38,N,N952
38,N,N949
38,N,M799
38,N,L605
38,N,I131
38,N,C159
38,C,C471
38,B,I019
37,T,V795
37,T,V574
37,T,V473
37,R,J321
37,P,F133
37,N,Q400
37,N,Q398
37,N,Q382
37,N,Q338
37,N,P560
37,N,P546
37,N,N134
37,N,I672
37,N,I501
37,N,G369
37,N,C269
37,N,C210
37,C,D413
37,C,D269
37,B,I460
36,X,W52
36,N,R730
36,N,R05
36,N,P359
36,N,P252
36,N,N736
36,N,M112
36,N,C539
36,N,B251
36,N,A427
36,E,E710
36,C,C810
36,C,C783
36,C,C752
36,C,C101
36,C,C000
36,A,I120
35,T,V968
35,T,V862
35,T,V214
35,T,V010
35,R,M051
35,N,R590
35,N,R011
35,N,Q781
35,N,Q777
35,N,Q753
35,N,P281
35,N,O679
35,N,N938
35,N,M485
35,N,L102
35,N,A399
35,E,E729
35,D,K314
35,D,K123
35,C,C889
35,C,C328
35,B,I880
34,T,V450
34,R,J940
34,R,J684
34,N,Q403
34,N,O990
34,N,O11
34,N,N800
34,N,M511
34,N,M244
34,N,M059
34,N,G522
34,N,G243
34,E,E282
34,D,K051
34,C,D128
34,A,J439
33,T,V904
33,T,V814
33,N,Q641
33,N,Q300
33,N,P914
33,N,P034
33,N,O039
33,N,N889
33,N,F609
33,N,F308
33,N,B150
33,N,A829
33,E,I426
33,E,E881
33,E,E702
33,D,K634
33,D,K518
33,C,D339
33,C,C540
33,C,C438
32,X,W56
32,T,V534
32,T,V220
32,N,P278
32,N,O441
32,N,O230
32,N,N899
32,N,N850
32,N,M659
32,N,G719
32,N,F605
32,N,F448
32,N,C61
32,N,B375
32,H,X90
32,E,M348
32,E,E882
32,E,E242
32,C,D291
32,C,D110
31,X,X57
31,U,Y420
31,T,V948
31,T,V812
31,T,V114
31,R,J160
31,N,N818
31,N,N428
31,N,M852
31,N,L983
31,N,F107
31,N,E854
31,N,D519
31,N,A64
31,N,A083
31,E,E804
31,D,K738
31,D,K602
31,C,D34
31,C,D001
31,C,C448
31,C,C166
31,C,C165
31,C,C132
30,X,X17
30,U,Y482
30,T,V846
30,T,V172
30,R,J410
30,R,J028
30,N,Q412
30,N,Q332
30,N,Q280
30,N,O622
30,N,O25
30,N,O152
30,N,N835
30,N,N140
30,N,M839
30,N,M430
30,N,M418
30,N,M138
30,N,F849
30,N,E149
30,E,E211
30,D,K717
30,D,K089
30,C,G309
30,C,C473
30,C,C409
30,C,C130
30,C,C028
29,X,Y899
29,T,V901
29,T,V817
29,T,V385
29,R,J370
29,N,Q604
29,N,P299
29,N,O13
29,N,N499
29,N,G702
29,N,B509
29,N,A78
29,E,K860
29,D,K621
29,D,K007
29,C,D442
29,C,D407
29,C,D164
29,C,D071
29,C,D002
28,U,Y458
28,T,V693
28,T,V591
28,T,V466
28,R,J65
28,P,F161
28,N,R51
28,N,Q804
28,N,Q788
28,N,P525
28,N,P019
28,N,N181
28,N,M615
28,N,K769
28,N,I606
28,N,I250
28,N,F449
28,N,B602
28,N,B178
28,N,A630
28,N,A46
28,D,K764
28,D,K140
28,C,I251
28,C,C941
28,C,C548
28,C,C403
27,X,Y18
27,X,U014
27,T,V789
27,T,V335
27,N,Q623
27,N,Q322
27,N,P788
27,N,P028
27,N,O758
27,N,O468
27,N,O243
27,N,N648
27,N,N369
27,N,N342
27,N,M538
27,N,L509
27,N,H059
27,N,F845
27,N,C169
27,N,B188
27,N,B010
27,C,I638
27,C,D392
27,C,D012
27,C,C637
27,C,C518
27,C,C040
27,B,I453
27,B,I280
26,U,Y451
26,R,J168
26,N,Q429
26,N,Q078
26,N,P833
26,N,P150
26,N,O751
26,N,N131
26,N,M860
26,N,M413
26,N,M023
26,N,L059
26,N,D732
26,N,B028
26,N,A870
26,N,A398
26,N,A328
26,E,E742
26,E,E065
26,C,K709
26,C,D409
26,C,D166
26,C,D140
25,T,V745
25,T,V566
25,R,K703
25,R,J660
25,N,Q915
25,N,Q812
25,N,Q766
25,N,Q242
25,N,Q238
25,N,P599
25,N,P043
25,N,O244
25,N,N852
25,N,N762
25,N,N481
25,N,N110
25,N,M919
25,N,M543
25,N,M250
25,N,L928
25,N,L538
25,N,L010
25,N,I129
25,N,C64
25,N,A811
25,N,A181
25,E,E801
25,D,K612
25,C,D142
25,C,D130
25,C,C081
25,C,C061
25,B,M053
25,A,R780
24,U,Y548
24,U,Y471
24,U,Y452
24,T,V947
24,T,V915
24,T,V841
24,T,V659
24,N,Q458
24,N,Q018
24,N,P961
24,N,P501
24,N,P234
24,N,O300
24,N,N413
24,N,N178
24,N,M412
24,N,L408
24,N,G723
24,N,G587
24,N,G400
24,N,F328
24,N,D568
24,N,B500
24,N,A309
24,E,J40
24,E,E559
24,E,E125
24,E,E121
24,E,E034
24,D,K808
24,D,K273
24,D,K252
24,C,D069
24,C,C621
24,C,C498
24,C,C098
24,B,I841
23,X,X32
23,T,V815
23,T,V808
23,T,V550
23,T,V394
23,N,R278
23,N,R268
23,N,R041
23,N,Q202
23,N,Q189
23,N,P929
23,N,P616
23,N,P119
23,N,O460
23,N,N485
23,N,N259
23,N,M843
23,N,M779
23,N,M002
23,N,I426
23,N,F488
23,N,D644
23,N,A90
23,E,I501
23,D,K718
23,C,C460
23,C,C113
22,T,V889
22,T,V842
22,T,V291
22,T,V069
22,T,V029
22,S,X79
22,R,J358
22,R,J351
22,N,R42
22,N,Q911
22,N,Q749
22,N,O069
22,N,N340
22,N,N029
22,N,M959
22,N,J984
22,N,G521
22,N,F900
22,N,F309
22,N,D683
22,N,B488
22,N,A073
22,N,A069
22,N,A030
22,E,E788
22,E,E550
22,E,E42
22,E,E320
22,D,K513
22,D,K286
22,D,K262
22,C,D433
22,C,D144
22,C,D121
22,C,C512
22,C,C152
22,C,C102
22,C,C068
22,C,C020
22,B,I721
22,B,I444
22,B,I010
21,U,Y576
21,U,Y455
21,T,V970
21,T,V813
21,T,V775
21,T,V687
21,T,V571
21,T,V375
21,T,V145
21,R,J322
21,N,R451
21,N,R091
21,N,Q748
21,N,Q564
21,N,Q549
21,N,Q401
21,N,Q205
21,N,P258
21,N,P238
21,N,P049
21,N,O879
21,N,N816
21,N,N731
21,N,L439
21,N,J448
21,N,G540
21,N,G458
21,N,F480
21,N,F252
21,N,B381
21,N,B172
21,N,A530
21,N,A392
21,N,A053
21,E,J449
21,E,I130
21,E,E800
21,E,E728
21,E,E615
21,E,E519
21,E,E118
21,D,K310
21,D,K053
21,C,D214
21,B,M051
21,B,I789
20,X,X18
20,T,V916
20,T,V794
20,T,V776
20,T,V526
20,T,V451
20,T,V419
20,T,V104
20,R,J704
20,P,F122
20,N,R220
20,N,Q868
20,N,Q742
20,N,Q393
20,N,P545
20,N,P53
20,N,O038
20,N,O035
20,N,N710
20,N,N700
20,N,M703
20,N,M621
20,N,M548
20,N,M472
20,N,L985
20,N,L940
20,N,H71
20,N,G601
20,N,G542
20,N,F204
20,N,A279
20,E,E807
20,D,K715
20,C,D303
20,C,D139
20,C,C104
20,C,C058
20,B,I220
20,A,F105
19,U,Y560
19,U,Y430
19,T,V931
19,T,V811
19,T,V506
19,R,J206
19,P,F132
19,N,R942
19,N,Q559
19,N,P588
19,N,P283
19,N,P233
19,N,P014
19,N,N951
19,N,N450
19,N,N433
19,N,M624
19,N,M103
19,N,L814
19,N,L749
19,N,L299
19,N,K922
19,N,K631
19,N,I420
19,E,I129
19,E,E805
19,E,E54
19,E,E127
19,C,D235
19,C,D020
19,C,D017
19,C,C775
19,C,C470
19,B,M349
19,B,J449
19,B,I470
18,U,Y466
18,T,V893
18,T,V605
18,T,V440
18,R,J698
18,N,R768
18,N,R101
18,N,Q925
18,N,P579
18,N,O240
18,N,O068
18,N,O065
18,N,N888
18,N,N821
18,N,N44
18,N,N050
18,N,M704
18,N,M546
18,N,M532
18,N,M246
18,N,M061
18,N,M060
18,N,L308
18,N,G830
18,N,G112
18,N,F203
18,N,E115
18,N,D862
18,N,D813
18,N,D804
18,N,C329
18,N,B879
18,N,A848
18,N,A164
18,E,I219
18,E,E638
18,E,E328
18,E,E060
18,D,K271
18,C,D470
18,C,D237
18,C,D125
18,C,C573
18,C,C474
18,B,I870
18,B,I604
18,A,F108
17,U,Y369
17,T,V920
17,T,V853
17,T,V529
17,T,V269
17,R,J983
17,R,J340
17,N,R161
17,N,Q621
17,N,Q319
17,N,P050
17,N,O60
17,N,O036
17,N,O021
17,N,M862
17,N,L890
17,N,L403
17,N,L209
17,N,L080
17,N,K701
17,N,H708
17,N,H109
17,N,G407
17,N,G370
17,N,E848
17,N,D730
17,N,D720
17,N,D681
17,N,B344
17,N,A833
17,N,A167
17,N,A064
17,E,J448
17,E,I609
17,E,E078
17,C,D463
17,C,D210
17,C,D201
17,C,C630
16,X,W93
16,U,Y607
16,U,Y431
16,T,V837
16,T,V756
16,T,V682
16,N,Q394
16,N,P268
16,N,O291
16,N,O269
16,N,N488
16,N,M804
16,N,M401
16,N,M356
16,N,M008
16,N,L931
16,N,L739
16,N,L720
16,N,J110
16,N,I269
16,N,I130
16,N,H499
16,N,G913
16,N,G722
16,N,F400
16,N,D808
16,N,C439
16,E,N039
16,E,M053
16,E,K700
16,E,I638
16,E,E779
16,D,K574
16,D,K068
16,C,E854
16,C,D133
16,C,D049
16,C,C691
16,C,C602
16,C,C227
16,C,C041
16,B,I601
16,B,I256
15,X,Y27
15,X,X54
15,T,V917
15,T,V735
15,T,V656
15,T,V399
15,T,V152
15,N,Q627
15,N,Q281
15,N,Q258
15,N,Q056
15,N,P033
15,N,O429
15,N,N23
15,N,M856
15,N,M461
15,N,M400
15,N,M243
15,N,L570
15,N,I500
15,N,G451
15,N,F458
15,N,D550
15,N,C798
15,N,B002
15,N,A799
15,N,A059
15,N,A040
15,E,I64
15,E,E531
15,E,E511
15,E,E240
15,D,K762
15,D,K388
15,D,K109
15,C,I501
15,C,D070
15,C,D038
15,C,C813
15,C,C722
15,C,C401
15,C,C138
14,X,W58
14,U,Y599
14,U,Y525
14,U,Y492
14,U,Y428
14,T,V978
14,T,V934
14,T,V933
14,T,V807
14,T,V785
14,T,V191
14,R,J339
14,R,J060
14,N,Q402
14,N,Q057
14,N,P918
14,N,P819
14,N,P041
14,N,O880
14,N,N921
14,N,N898
14,N,N732
14,N,N72
14,N,N641
14,N,N172
14,N,N158
14,N,M942
14,N,M800
14,N,M531
14,N,L949
14,N,L050
14,N,K563
14,N,I517
14,N,H531
14,N,H269
14,N,G833
14,N,G128
14,N,G118
14,N,G041
14,N,F952
14,N,D748
14,N,B388
14,N,A850
14,N,A38
14,E,N180
14,E,K701
14,E,E803
14,E,E610
14,E,E561
14,E,E329
14,E,E273
14,E,E132
14,E,E009
14,D,K515
14,D,K508
14,C,D093
14,C,D091
14,C,C882
14,C,C148
14,B,I952
14,B,I605
13,U,Y843
13,T,V444
13,T,V231
13,R,M349
13,R,J328
13,N,R633
13,N,R468
13,N,R061
13,N,Q823
13,N,Q760
13,N,Q529
13,N,Q310
13,N,P610
13,N,P519
13,N,P200
13,N,O980
13,N,O722
13,N,N909
13,N,N735
13,N,M330
13,N,M089
13,N,K566
13,N,G810
13,N,G545
13,N,G527
13,N,G471
13,N,C689
13,N,C140
13,N,B679
13,N,B469
13,N,A527
13,N,A071
13,E,M052
13,E,M051
13,E,E539
13,D,K835
13,D,K751
13,C,D421
13,C,D229
13,C,C721
13,C,C511
13,B,K922
13,B,I360
12,U,Y828
12,U,Y601
12,T,V938
12,T,V914
12,T,V911
12,T,V884
12,T,V852
12,T,V530
12,T,V200
12,T,V150
12,T,V141
12,T,V109
12,R,J310
12,P,I120
12,N,R945
12,N,R740
12,N,R233
12,N,Q916
12,N,Q902
12,N,Q821
12,N,Q633
12,N,Q206
12,N,Q182
12,N,P920
12,N,P615
12,N,P394
12,N,O904
12,N,O019
12,N,N883
12,N,N831
12,N,N418
12,N,N398
12,N,M940
12,N,M910
12,N,M815
12,N,M465
12,N,L721
12,N,L440
12,N,L280
12,N,L104
12,N,I519
12,N,I259
12,N,G252
12,N,F311
12,N,F068
12,N,B814
12,N,B699
12,N,B659
12,N,B372
12,N,B369
12,N,A085
12,N,A041
12,E,N049
12,E,J690
12,E,F107
12,E,E806
12,E,E229
12,E,E169
12,D,K710
12,D,K523
12,D,K130
12,D,K120
12,D,K118
12,D,K108
12,D,K069
12,C,I426
12,C,D157
12,C,D073
12,C,C600
12,C,C461
12,C,C173
12,C,C118
12,C,C112
12,B,N059
12,B,J984
12,B,J448
12,B,J189
12,B,I862
12,B,I602
12,B,I426
11,U,Y545
11,U,Y440
11,U,Y418
11,U,Y410
11,T,V918
11,T,V844
11,T,V796
11,T,V573
11,T,V271
11,T,V185
11,R,J211
11,R,B208
11,P,F194
11,P,F169
11,P,F145
11,P,F144
11,P,F137
11,N,Q824
11,N,Q740
11,N,Q668
11,N,Q645
11,N,Q638
11,N,Q222
11,N,Q002
11,N,P544
11,N,P115
11,N,P111
11,N,P109
11,N,O048
11,N,M949
11,N,M840
11,N,M674
11,N,M518
11,N,M258
11,N,M254
11,N,L942
11,N,L303
11,N,J118
11,N,H664
11,N,E119
11,N,D893
11,N,D818
11,N,D729
11,N,D618
11,N,D600
11,N,C719
11,N,C029
11,N,B583
11,N,B462
11,N,B356
11,N,B269
11,N,B231
11,N,A94
11,N,A938
11,N,A838
11,N,A752
11,N,A269
11,N,A239
11,N,A207
11,N,A198
11,N,A182
11,N,A046
11,H,X86
11,E,E798
11,E,E283
11,D,K853
11,D,K704
11,D,K081
11,C,M348
11,C,D354
11,C,D24
11,C,D122
11,C,D119
11,C,D011
11,C,C620
11,B,N180
11,B,I821
11,A,J459
10,U,Y526
10,T,V912
10,T,V856
10,T,V829
10,T,V793
10,T,V690
10,T,V681
10,T,V469
10,T,V169
10,T,V151
10,T,V112
10,R,J678
10,R,J371
10,R,J303
10,R,J301
10,R,J014
10,N,R482
10,N,Q970
10,N,Q921
10,N,Q848
10,N,Q778
10,N,Q644
10,N,Q386
10,N,Q313
10,N,Q068
10,N,Q052
10,N,P365
10,N,P270
10,N,P006
10,N,P004
10,N,O210
10,N,O059
10,N,N908
10,N,N879
10,N,N801
10,N,N394
10,N,N008
10,N,M751
10,N,M539
10,N,M213
10,N,L508
10,N,L400
10,N,L304
10,N,L239
10,N,L131
10,N,L128
10,N,I429
10,N,H830
10,N,H355
10,N,G823
10,N,G519
10,N,F201
10,N,F104
10,N,D501
10,N,C787
10,N,B832
10,N,B487
10,N,B001
10,N,A549
10,N,A431
10,N,A217
10,N,A187
10,N,A066
10,N,A009
10,E,I519
10,E,I517
10,E,E739
10,E,E126
10,E,E108
10,D,K730
10,D,K451
10,D,K287
10,D,K280
10,C,N188
10,C,C922
10,C,C488
10,C,C178
10,B,M818
10,B,I029
9,U,Y517
9,U,Y493
9,T,V921
9,T,V851
9,T,V650
9,T,V540
9,T,V453
9,T,V345
9,T,V281
9,R,J668
9,P,F195
9,P,F157
9,P,F153
9,N,R749
9,N,R34
9,N,R251
9,N,R002
9,N,Q932
9,N,Q658
9,N,Q628
9,N,Q450
9,N,Q265
9,N,Q252
9,N,Q055
9,N,P294
9,N,P243
9,N,P029
9,N,O984
9,N,O211
9,N,N840
9,N,N62
9,N,N053
9,N,N038
9,N,M939
9,N,M219
9,N,M068
9,N,L959
9,N,L559
9,N,L123
9,N,J100
9,N,I779
9,N,I619
9,N,H601
9,N,H549
9,N,H521
9,N,H160
9,N,G622
9,N,G110
9,N,F521
9,N,F459
9,N,F430
9,N,F418
9,N,F318
9,N,C221
9,N,B780
9,N,B601
9,N,A749
9,E,N289
9,E,J110
9,E,I674
9,E,E783
9,E,E753
9,E,E749
9,E,E730
9,E,E661
9,E,E124
9,D,K522
9,D,K115
9,D,K076
9,C,I609
9,C,D314
9,C,D292
9,C,D190
9,C,D152
9,C,D103
9,C,D024
9,C,D019
9,C,B227
9,B,P614
9,B,I221
9,B,I072
8,X,W60
8,X,W41
8,U,Y654
8,U,Y639
8,U,Y551
8,U,Y459
8,T,V932
8,T,V886
8,T,V882
8,T,V881
8,T,V783
8,T,V782
8,T,V749
8,T,V739
8,T,V577
8,T,V544
8,T,V259
8,T,V232
8,T,V222
8,T,V201
8,T,V110
8,R,J703
8,R,J677
8,P,I110
8,P,F154
8,N,R788
8,N,R441
8,N,Q988
8,N,Q978
8,N,Q968
8,N,Q818
8,N,Q785
8,N,Q784
8,N,Q699
8,N,Q677
8,N,Q437
8,N,P558
8,N,O103
8,N,N857
8,N,N47
8,N,N393
8,N,N079
8,N,M863
8,N,M849
8,N,M706
8,N,M405
8,N,M355
8,N,M122
8,N,L858
8,N,L138
8,N,L041
8,N,K659
8,N,K559
8,N,I629
8,N,I330
8,N,I270
8,N,I10
8,N,H913
8,N,H46
8,N,H350
8,N,H052
8,N,G523
8,N,G410
8,N,G240
8,N,G038
8,N,F988
8,N,F69
8,N,F639
8,N,F340
8,N,F079
8,N,F063
8,N,F04
8,N,D611
8,N,C859
8,N,C499
8,N,C444
8,N,C19
8,N,B573
8,N,A428
8,N,A219
8,E,G312
8,E,E65
8,E,E243
8,E,E051
8,E,E038
8,D,K146
8,C,D234
8,C,D109
8,C,D097
8,C,D072
8,C,D039
8,C,C843
8,B,K769
8,B,K563
8,B,J110
8,B,I800
8,B,I676
8,B,I616
8,B,I603
7,X,Y882
7,X,X22
7,U,Y564
7,U,Y563
7,U,Y521
7,U,Y519
7,U,Y515
7,U,Y490
7,U,Y464
7,U,Y446
7,T,V969
7,T,V944
7,T,V930
7,T,V836
7,T,V832
7,T,V824
7,T,V810
7,T,V781
7,T,V569
7,T,V519
7,T,V472
7,T,V433
7,T,V401
7,T,V255
7,T,V183
7,T,V019
7,R,K922
7,R,J708
7,R,J638
7,R,J393
7,R,J202
7,R,J030
7,N,R961
7,N,R932
7,N,R471
7,N,R229
7,N,Q951
7,N,Q912
7,N,Q829
7,N,Q783
7,N,Q618
7,N,Q519
7,N,Q395
7,N,Q272
7,N,Q158
7,N,Q103
7,N,P838
7,N,P768
7,N,P101
7,N,P032
7,N,P007
7,N,O997
7,N,O979
7,N,O873
7,N,O753
7,N,O102
7,N,O078
7,N,N830
7,N,N813
7,N,N750
7,N,N490
7,N,N483
7,N,N018
7,N,M911
7,N,M710
7,N,M679
7,N,M664
7,N,M201
7,N,M125
7,N,L981
7,N,L042
7,N,K746
7,N,K579
7,N,I679
7,N,H939
7,N,H931
7,N,H432
7,N,H058
7,N,G832
7,N,G528
7,N,G312
7,N,F909
7,N,F681
7,N,F445
7,N,F21
7,N,F177
7,N,F012
7,N,E109
7,N,D863
7,N,D861
7,N,D588
7,N,D578
7,N,D511
7,N,C679
7,N,C56
7,N,B811
7,N,B400
7,N,B393
7,N,A851
7,N,A505
7,N,A421
7,N,A281
7,N,A179
7,E,M349
7,E,L89
7,D,K824
7,D,K703
7,D,K381
7,D,K071
7,C,D316
7,C,D175
7,C,D174
7,C,D162
7,C,D013
7,C,C883
7,C,C842
7,C,C608
7,C,C476
7,C,B213
7,B,J690
7,B,B238
6,U,Y640
6,U,Y619
6,U,Y520
6,U,Y494
6,U,Y364
6,T,V98
6,T,V942
6,T,V927
6,T,V900
6,T,V833
6,T,V692
6,T,V670
6,T,V665
6,T,V634
6,T,V606
6,T,V592
6,T,V554
6,T,V551
6,T,V509
6,T,V477
6,T,V441
6,T,V437
6,T,V383
6,T,V380
6,T,V339
6,T,V265
6,T,V142
6,R,J688
6,R,J353
6,R,J342
6,R,J341
6,P,F150
6,N,R72
6,N,R701
6,N,R252
6,N,R21
6,N,R162
6,N,R102
6,N,Q980
6,N,Q901
6,N,Q808
6,N,Q731
6,N,Q451
6,N,Q434
6,N,Q309
6,N,Q271
6,N,Q243
6,N,Q180
6,N,Q058
6,N,Q010
6,N,P915
6,N,P760
6,N,P741
6,N,P591
6,N,P551
6,N,P521
6,N,P508
6,N,P370
6,N,P201
6,N,P139
6,N,P048
6,N,O715
6,N,O710
6,N,O241
6,N,O075
6,N,O008
6,N,N279
6,N,N048
6,N,M816
6,N,M805
6,N,M758
6,N,M712
6,N,M707
6,N,M665
6,N,M658
6,N,M651
6,N,M483
6,N,M308
6,N,M190
6,N,M063
6,N,L958
6,N,L130
6,N,K801
6,N,I514
6,N,I499
6,N,I38
6,N,H570
6,N,H534
6,N,H494
6,N,H356
6,N,H268
6,N,H169
6,N,H051
6,N,G701
6,N,G543
6,N,G541
6,N,G518
6,N,G438
6,N,G213
6,N,G212
6,N,F843
6,N,F349
6,N,F232
6,N,E147
6,N,D734
6,N,D596
6,N,D581
6,N,B829
6,N,B812
6,N,B650
6,N,B373
6,N,A839
6,N,A759
6,N,A192
6,N,A068
6,N,A060
6,E,M139
6,E,J189
6,E,J118
6,E,I672
6,E,I514
6,E,G808
6,E,E673
6,E,E221
6,E,E201
6,D,K605
6,D,K132
6,C,D319
6,C,D251
6,C,D236
6,C,D168
6,C,D127
6,C,D101
6,C,D050
6,C,D044
6,C,D043
6,C,D036
6,C,D014
6,C,C724
6,C,C463
6,C,C318
6,C,C110
6,C,C005
6,B,P072
6,B,N26
6,B,N189
6,B,I775
6,B,I494
6,A,K769
5,X,X51
5,U,Y823
5,U,Y800
5,U,Y651
5,U,Y650
5,U,Y638
5,U,Y618
5,U,Y610
5,U,Y603
5,U,Y543
5,U,Y527
5,U,Y523
5,U,Y485
5,U,Y480
5,U,Y470
5,U,Y468
5,U,Y465
5,U,Y454
5,U,Y422
5,U,Y404
5,U,Y403
5,U,Y351
5,T,V941
5,T,V831
5,T,V792
5,T,V647
5,T,V553
5,T,V541
5,T,V454
5,T,V415
5,T,V389
5,T,V386
5,T,V283
5,T,V251
5,T,V243
5,T,V219
5,T,V215
5,T,V202
5,T,V140
5,T,V102
5,S,X77
5,R,M818
5,R,J702
5,R,J683
5,R,J458
5,R,J418
5,R,J382
5,R,J350
5,R,J204
5,P,I119
5,P,F190
5,P,F134
5,N,R938
5,N,R520
5,N,R458
5,N,Q987
5,N,Q959
5,N,Q802
5,N,Q775
5,N,Q769
5,N,Q539
5,N,Q369
5,N,Q301
5,N,Q270
5,N,Q259
5,N,Q159
5,N,Q061
5,N,P500
5,N,P242
5,N,P228
5,N,P120
5,N,P082
5,N,P052
5,N,O883
5,N,O868
5,N,O749
5,N,O742
5,N,O689
5,N,O670
5,N,O263
5,N,O225
5,N,O120
5,N,O045
5,N,O031
5,N,N822
5,N,N803
5,N,N730
5,N,N701
5,N,N645
5,N,N041
5,N,N035
5,N,M953
5,N,M871
5,N,M810
5,N,M601
5,N,M501
5,N,M470
5,N,M411
5,N,M328
5,N,M248
5,N,M204
5,N,M198
5,N,L948
5,N,L900
5,N,L859
5,N,L22
5,N,L049
5,N,K700
5,N,K529
5,N,J841
5,N,J159
5,N,J111
5,N,I698
5,N,I255
5,N,H911
5,N,H819
5,N,H579
5,N,H544
5,N,H470
5,N,H342
5,N,H332
5,N,G820
5,N,G602
5,N,G570
5,N,G564
5,N,G560
5,N,G431
5,N,G368
5,N,F982
5,N,F918
5,N,F911
5,N,F450
5,N,F320
5,N,F300
5,N,F251
5,N,F208
5,N,F189
5,N,F071
5,N,D805
5,N,D740
5,N,D698
5,N,C579
5,N,B902
5,N,B468
5,N,B458
5,N,B431
5,N,B429
5,N,B391
5,N,B353
5,N,B04
5,N,B005
5,N,A835
5,N,A830
5,N,A482
5,N,A371
5,N,A251
5,N,A052
5,H,Y070
5,E,N059
5,E,I779
5,E,I679
5,E,I606
5,E,G931
5,E,G909
5,E,G629
5,E,F03
5,E,E678
5,E,E345
5,E,E319
5,E,E275
5,E,E212
5,D,K742
5,D,K401
5,D,K312
5,D,K283
5,C,M051
5,C,F107
5,C,D437
5,C,D282
5,C,D212
5,C,D200
5,C,D197
5,C,D074
5,C,D045
5,C,D037
5,C,C960
5,C,C912
5,C,C778
5,C,C681
5,C,C382
5,B,K631
5,B,I446
5,B,I068
5,B,B208
5,A,K729
4,X,X34
4,X,X24
4,X,W53
4,U,Y641
4,U,Y628
4,U,Y616
4,U,Y546
4,U,Y535
4,U,Y513
4,U,Y498
4,U,Y478
4,U,Y449
4,U,Y436
4,U,Y435
4,U,Y424
4,U,Y352
4,T,V971
4,T,V935
4,T,V910
4,T,V834
4,T,V674
4,T,V644
4,T,V609
4,T,V602
4,T,V572
4,T,V537
4,T,V531
4,T,V515
4,T,V395
4,T,V250
4,T,V242
4,T,V240
4,R,K769
4,R,J689
4,R,J681
4,R,J038
4,R,J011
4,P,I517
4,P,F163
4,P,F155
4,N,R935
4,N,R784
4,N,Q989
4,N,Q971
4,N,Q937
4,N,Q923
4,N,Q842
4,N,Q768
4,N,Q762
4,N,Q741
4,N,Q738
4,N,Q652
4,N,Q603
4,N,Q441
4,N,Q432
4,N,Q387
4,N,Q385
4,N,Q383
4,N,Q323
4,N,Q312
4,N,Q308
4,N,Q266
4,N,Q112
4,N,Q062
4,N,Q011
4,N,Q001
4,N,P941
4,N,P721
4,N,P113
4,N,O871
4,N,O748
4,N,O713
4,N,O690
4,N,O639
4,N,O623
4,N,O365
4,N,O341
4,N,O234
4,N,O109
4,N,O076
4,N,O066
4,N,N825
4,N,N808
4,N,N343
4,N,N318
4,N,N118
4,N,N031
4,N,N000
4,N,M926
4,N,M893
4,N,M859
4,N,M855
4,N,M814
4,N,M724
4,N,M722
4,N,M544
4,N,M533
4,N,M435
4,N,M320
4,N,M218
4,N,L932
4,N,L600
4,N,L598
4,N,L52
4,N,L211
4,N,L208
4,N,L111
4,N,K85
4,N,K550
4,N,J840
4,N,J46
4,N,J450
4,N,J181
4,N,J152
4,N,I718
4,N,I422
4,N,I272
4,N,I271
4,N,I059
4,N,H905
4,N,H610
4,N,H520
4,N,H504
4,N,H472
4,N,H189
4,N,H110
4,N,G64
4,N,G579
4,N,G549
4,N,F88
4,N,F802
4,N,F600
4,N,F452
4,N,F182
4,N,E872
4,N,D811
4,N,D806
4,N,D640
4,N,D592
4,N,D469
4,N,C629
4,N,C459
4,N,C449
4,N,C218
4,N,C119
4,N,C099
4,N,B92
4,N,B889
4,N,B878
4,N,B463
4,N,B427
4,N,B408
4,N,B403
4,N,B383
4,N,B351
4,N,B271
4,N,B050
4,N,B000
4,N,A878
4,N,A849
4,N,A70
4,N,A691
4,N,A528
4,N,A502
4,N,A449
4,N,A440
4,N,A282
4,N,A241
4,N,A212
4,N,A190
4,N,A010
4,H,Y060
4,E,P523
4,E,M329
4,E,K318
4,E,I718
4,E,I509
4,E,I259
4,E,G903
4,E,F412
4,E,E68
4,E,E648
4,E,E612
4,E,E58
4,E,E259
4,E,E120
4,E,E032
4,D,K713
4,D,K272
4,D,K114
4,D,K079
4,D,K073
4,C,N180
4,C,J449
4,C,J448
4,C,I739
4,C,I64
4,C,I219
4,C,I131
4,C,D539
4,C,D360
4,C,D359
4,C,D287
4,C,D260
4,C,D232
4,C,D199
4,C,D170
4,C,D123
4,C,D092
4,C,D035
4,C,C952
4,C,C881
4,C,C728
4,C,C698
4,C,C571
4,C,C462
4,C,C048
4,B,N19
4,B,K566
4,B,J841
4,B,J108
4,B,I888
4,B,I845
4,B,I372
4,B,I092
4,A,I517
4,A,I251
4,A,I132
3,X,X26
3,X,W59
3,X,W46
3,U,Y821
3,U,Y731
3,U,Y649
3,U,Y648
3,U,Y633
3,U,Y632
3,U,Y624
3,U,Y615
3,U,Y614
3,U,Y552
3,U,Y509
3,U,Y496
3,U,Y439
3,U,Y425
3,U,Y412
3,U,Y411
3,U,Y407
3,U,Y368
3,T,V907
3,T,V825
3,T,V780
3,T,V770
3,T,V691
3,T,V677
3,T,V671
3,T,V651
3,T,V643
3,T,V640
3,T,V629
3,T,V547
3,T,V501
3,T,V443
3,T,V424
3,T,V407
3,T,V404
3,T,V384
3,T,V379
3,T,V376
3,T,V324
3,T,V301
3,T,V175
3,T,V164
3,T,V155
3,T,V100
3,R,J630
3,R,J352
3,R,J343
3,R,J338
3,R,J312
3,P,I609
3,P,F147
3,P,F125
3,P,F114
3,N,R933
3,N,R930
3,N,R849
3,N,R80
3,N,R782
3,N,R779
3,N,R632
3,N,R631
3,N,R456
3,N,R453
3,N,R400
3,N,R32
3,N,R238
3,N,R230
3,N,R200
3,N,R194
3,N,R103
3,N,R066
3,N,R063
3,N,R062
3,N,Q955
3,N,Q931
3,N,Q930
3,N,Q926
3,N,Q914
3,N,Q875
3,N,Q861
3,N,Q825
3,N,Q810
3,N,Q803
3,N,Q752
3,N,Q728
3,N,Q702
3,N,Q660
3,N,Q558
3,N,Q554
3,N,Q518
3,N,Q513
3,N,Q378
3,N,Q361
3,N,Q241
3,N,Q209
3,N,Q185
3,N,Q134
3,N,Q060
3,N,Q051
3,N,Q041
3,N,P919
3,N,P839
3,N,P808
3,N,P800
3,N,P789
3,N,P704
3,N,P619
3,N,P611
3,N,P582
3,N,P570
3,N,P353
3,N,P151
3,N,P131
3,N,P129
3,N,P102
3,N,O909
3,N,O864
3,N,O746
3,N,O731
3,N,O717
3,N,O709
3,N,O678
3,N,O345
3,N,O321
3,N,O265
3,N,O067
3,N,O058
3,N,O056
3,N,O020
3,N,N959
3,N,N819
3,N,N766
3,N,N761
3,N,N751
3,N,N491
3,N,N047
3,N,N040
3,N,N017
3,N,N001
3,N,M925
3,N,M894
3,N,M873
3,N,M872
3,N,M865
3,N,M864
3,N,M802
3,N,M755
3,N,M715
3,N,M705
3,N,M460
3,N,M438
3,N,M312
3,N,M171
3,N,M153
3,N,M131
3,N,M121
3,N,M104
3,N,L980
3,N,L950
3,N,L920
3,N,L84
3,N,L817
3,N,L609
3,N,L568
3,N,L410
3,N,L302
3,N,L278
3,N,L101
3,N,K929
3,N,K800
3,N,K729
3,N,K630
3,N,J852
3,N,J42
3,N,I710
3,N,I709
3,N,I509
3,N,I461
3,N,I139
3,N,H814
3,N,H749
3,N,H702
3,N,H660
3,N,H659
3,N,H603
3,N,H578
3,N,H524
3,N,H512
3,N,H509
3,N,H449
3,N,H445
3,N,H402
3,N,H341
3,N,H309
3,N,H208
3,N,H164
3,N,H163
3,N,H021
3,N,G902
3,N,G621
3,N,G620
3,N,G561
3,N,G512
3,N,G478
3,N,G440
3,N,G375
3,N,G254
3,N,G242
3,N,F809
3,N,F78
3,N,F658
3,N,F638
3,N,F603
3,N,F59
3,N,F442
3,N,F401
3,N,F388
3,N,F170
3,N,F061
3,N,E114
3,N,E105
3,N,D838
3,N,D812
3,N,D750
3,N,D641
3,N,D612
3,N,D590
3,N,D562
3,N,C793
3,N,C519
3,N,C469
3,N,B908
3,N,B882
3,N,B852
3,N,B833
3,N,B608
3,N,B574
3,N,B482
3,N,B420
3,N,B394
3,N,B360
3,N,B350
3,N,B302
3,N,B252
3,N,B085
3,N,B07
3,N,B069
3,N,B068
3,N,B059
3,N,A928
3,N,A888
3,N,A600
3,N,A599
3,N,A560
3,N,A513
3,N,A504
3,N,A378
3,N,A369
3,N,A267
3,N,A230
3,N,A209
3,N,A082
3,N,A043
3,N,A033
3,H,Y073
3,E,K929
3,E,K769
3,E,K566
3,E,I629
3,E,I499
3,E,I250
3,E,I139
3,E,E709
3,E,E649
3,E,E618
3,E,E530
3,E,E289
3,E,E231
3,E,E214
3,E,E208
3,E,E200
3,E,E168
3,E,E138
3,E,E137
3,E,E136
3,E,E135
3,E,E131
3,E,E130
3,E,E070
3,E,E058
3,E,E030
3,D,M349
3,D,K903
3,D,K752
3,D,K700
3,D,K622
3,D,K591
3,D,K575
3,D,K111
3,D,K101
3,D,K074
3,D,K049
3,D,K000
3,C,K860
3,C,J984
3,C,J189
3,C,I606
3,C,I519
3,C,I250
3,C,I130
3,C,I129
3,C,G931
3,C,E149
3,C,E035
3,C,D261
3,C,D213
3,C,D129
3,C,D106
3,C,D105
3,C,D042
3,C,D033
3,C,C418
3,C,C398
3,C,C008
3,C,C004
3,C,B219
3,C,B212
3,B,Q897
3,B,M358
3,B,M199
3,B,K578
3,B,K269
3,B,K259
3,B,J46
3,B,J118
3,B,I881
3,B,I847
3,B,I636
3,B,I228
3,B,B207
2,X,W91
2,X,W42
2,X,U02
2,X,U018
2,X,U012
2,U,Y847
2,U,Y845
2,U,Y818
2,U,Y782
2,U,Y712
2,U,Y66
2,U,Y626
2,U,Y623
2,U,Y622
2,U,Y570
2,U,Y544
2,U,Y518
2,U,Y499
2,U,Y447
2,U,Y441
2,U,Y429
2,U,Y419
2,U,Y415
2,U,Y414
2,U,Y405
2,U,Y353
2,T,V880
2,T,V854
2,T,V826
2,T,V822
2,T,V779
2,T,V673
2,T,V654
2,T,V653
2,T,V625
2,T,V619
2,T,V601
2,T,V533
2,T,V447
2,T,V432
2,T,V416
2,T,V400
2,T,V393
2,T,V392
2,T,V346
2,T,V336
2,T,V334
2,T,V325
2,T,V305
2,T,V273
2,T,V252
2,T,V223
2,T,V221
2,T,V181
2,T,V143
2,T,V120
2,S,X96
2,R,N289
2,R,M819
2,R,K746
2,R,K701
2,R,K566
2,R,J682
2,R,J330
2,R,J201
2,R,J068
2,R,J018
2,R,J013
2,R,I64
2,P,J189
2,P,I131
2,P,F143
2,P,F135
2,N,X59
2,N,R940
2,N,R934
2,N,R781
2,N,R71
2,N,R508
2,N,R432
2,N,R401
2,N,R35
2,N,R291
2,N,R258
2,N,R234
2,N,R224
2,N,R072
2,N,R030
2,N,Q981
2,N,Q960
2,N,Q950
2,N,Q936
2,N,Q862
2,N,Q729
2,N,Q719
2,N,Q713
2,N,Q709
2,N,Q673
2,N,Q672
2,N,Q659
2,N,Q632
2,N,Q625
2,N,Q624
2,N,Q622
2,N,Q512
2,N,Q505
2,N,Q443
2,N,Q422
2,N,Q421
2,N,Q418
2,N,Q351
2,N,Q188
2,N,Q150
2,N,Q138
2,N,Q130
2,N,Q120
2,N,Q064
2,N,Q050
2,N,P962
2,N,P940
2,N,P810
2,N,P761
2,N,P749
2,N,P618
2,N,P520
2,N,P502
2,N,P231
2,N,P221
2,N,P149
2,N,P110
2,N,P100
2,N,P046
2,N,P040
2,N,O981
2,N,O911
2,N,O888
2,N,O860
2,N,O730
2,N,O714
2,N,O701
2,N,O621
2,N,O431
2,N,O40
2,N,O363
2,N,O343
2,N,O339
2,N,O301
2,N,O292
2,N,O209
2,N,O200
2,N,O140
2,N,O104
2,N,O063
2,N,O037
2,N,O033
2,N,O029
2,N,O000
2,N,N981
2,N,N926
2,N,N903
2,N,N902
2,N,N841
2,N,N836
2,N,N828
2,N,N810
2,N,N738
2,N,N733
2,N,N711
2,N,N644
2,N,N602
2,N,N420
2,N,N363
2,N,N361
2,N,N271
2,N,N143
2,N,N071
2,N,N032
2,N,M990
2,N,M952
2,N,M928
2,N,M927
2,N,M896
2,N,M888
2,N,M880
2,N,M870
2,N,M850
2,N,M848
2,N,M838
2,N,M767
2,N,M720
2,N,M650
2,N,M620
2,N,M602
2,N,M530
2,N,M484
2,N,M482
2,N,M468
2,N,M420
2,N,M404
2,N,M357
2,N,M354
2,N,M315
2,N,M256
2,N,M239
2,N,M216
2,N,M214
2,N,M189
2,N,M170
2,N,M128
2,N,M119
2,N,M110
2,N,M088
2,N,M062
2,N,L922
2,N,L910
2,N,L909
2,N,L879
2,N,L870
2,N,L853
2,N,L850
2,N,L819
2,N,L709
2,N,L678
2,N,L501
2,N,L438
2,N,L253
2,N,L251
2,N,L237
2,N,L219
2,N,K754
2,N,K578
2,N,K573
2,N,K254
2,N,K20
2,N,J982
2,N,J80
2,N,J209
2,N,J154
2,N,J151
2,N,J13
2,N,I859
2,N,I776
2,N,I712
2,N,I694
2,N,I671
2,N,I48
2,N,I350
2,N,I248
2,N,I088
2,N,H920
2,N,H811
2,N,H729
2,N,H535
2,N,H492
2,N,H471
2,N,H448
2,N,H400
2,N,H359
2,N,H358
2,N,H219
2,N,H210
2,N,H187
2,N,G576
2,N,G571
2,N,G509
2,N,G508
2,N,G454
2,N,G448
2,N,G412
2,N,G245
2,N,G032
2,N,F983
2,N,F959
2,N,F841
2,N,F803
2,N,F801
2,N,F631
2,N,F608
2,N,F601
2,N,F514
2,N,F505
2,N,F454
2,N,F428
2,N,F321
2,N,F310
2,N,F302
2,N,F28
2,N,F258
2,N,F206
2,N,F050
2,N,E889
2,N,E142
2,N,E039
2,N,E035
2,N,D831
2,N,D828
2,N,D816
2,N,D815
2,N,D814
2,N,D552
2,N,D518
2,N,D512
2,N,C950
2,N,C73
2,N,C52
2,N,C447
2,N,C419
2,N,C399
2,N,C341
2,N,C321
2,N,C249
2,N,C23
2,N,C160
2,N,B901
2,N,B900
2,N,B880
2,N,B851
2,N,B850
2,N,B839
2,N,B778
2,N,B769
2,N,B75
2,N,B749
2,N,B698
2,N,B678
2,N,B669
2,N,B64
2,N,B519
2,N,B508
2,N,B453
2,N,B452
2,N,B419
2,N,B362
2,N,B180
2,N,B09
2,N,B084
2,N,B083
2,N,B018
2,N,A99
2,N,A962
2,N,A959
2,N,A91
2,N,A798
2,N,A601
2,N,A57
2,N,A541
2,N,A515
2,N,A270
2,N,A244
2,N,A202
2,N,A168
2,N,A042
2,N,A038
2,N,A014
2,E,P614
2,E,P072
2,E,M899
2,E,M819
2,E,K801
2,E,J849
2,E,J46
2,E,J450
2,E,J42
2,E,I99
2,E,I709
2,E,I702
2,E,I701
2,E,I619
2,E,I429
2,E,I422
2,E,I420
2,E,I269
2,E,I255
2,E,G311
2,E,E839
2,E,E838
2,E,E832
2,E,E769
2,E,E712
2,E,E708
2,E,E643
2,E,E630
2,E,E614
2,E,E60
2,E,E52
2,E,E342
2,E,E261
2,E,E248
2,E,E163
2,E,E061
2,E,E048
2,E,E02
2,E,E012
2,E,E011
2,E,B208
2,D,N390
2,D,K834
2,D,K383
2,D,K092
2,D,K055
2,D,K041
2,D,K039
2,D,K009
2,D,B238
2,C,N289
2,C,N059
2,C,K566
2,C,J42
2,C,J40
2,C,J118
2,C,I718
2,C,I694
2,C,I672
2,C,I514
2,C,I259
2,C,G939
2,C,G909
2,C,D353
2,C,D313
2,C,D311
2,C,D309
2,C,D223
2,C,D215
2,C,D117
2,C,D034
2,C,D032
2,C,D023
2,C,C887
2,C,C572
2,C,C408
2,C,C388
2,C,C142
2,C,B218
2,C,B217
2,B,W17
2,B,P073
2,B,N390
2,B,N179
2,B,M819
2,B,M329
2,B,M311
2,B,M100
2,B,K860
2,B,K85
2,B,K801
2,B,K701
2,B,K700
2,B,K639
2,B,K579
2,B,K559
2,B,K439
2,B,K274
2,B,K20
2,B,J80
2,B,J450
2,B,J431
2,B,J42
2,B,J181
2,B,J152
2,B,J111
2,B,J100
2,B,I861
2,B,I860
2,B,I840
2,B,G113
2,B,B201
2,A,K746
2,A,J189
2,A,I219
2,A,I131
1,X,X52
1,X,X349
1,X,W99
1,X,W89
1,U,Y822
1,U,Y820
1,U,Y812
1,U,Y808
1,U,Y802
1,U,Y801
1,U,Y780
1,U,Y743
1,U,Y741
1,U,Y732
1,U,Y634
1,U,Y631
1,U,Y630
1,U,Y625
1,U,Y617
1,U,Y612
1,U,Y611
1,U,Y598
1,U,Y593
1,U,Y586
1,U,Y584
1,U,Y577
1,U,Y574
1,U,Y569
1,U,Y568
1,U,Y567
1,U,Y557
1,U,Y556
1,U,Y555
1,U,Y554
1,U,Y553
1,U,Y550
1,U,Y549
1,U,Y542
1,U,Y540
1,U,Y536
1,U,Y533
1,U,Y531
1,U,Y529
1,U,Y528
1,U,Y511
1,U,Y501
1,U,Y481
1,U,Y467
1,U,Y461
1,U,Y426
1,U,Y421
1,U,Y402
1,U,Y367
1,T,X80
1,T,W74
1,T,W28
1,T,V940
1,T,V936
1,T,V885
1,T,V883
1,T,V827
1,T,V803
1,T,V791
1,T,V790
1,T,V773
1,T,V771
1,T,V769
1,T,V766
1,T,V755
1,T,V729
1,T,V726
1,T,V724
1,T,V706
1,T,V672
1,T,V669
1,T,V666
1,T,V660
1,T,V642
1,T,V641
1,T,V637
1,T,V607
1,T,V604
1,T,V603
1,T,V564
1,T,V543
1,T,V516
1,T,V507
1,T,V504
1,T,V502
1,T,V500
1,T,V467
1,T,V464
1,T,V463
1,T,V460
1,T,V457
1,T,V427
1,T,V423
1,T,V420
1,T,V414
1,T,V403
1,T,V398
1,T,V396
1,T,V374
1,T,V370
1,T,V365
1,T,V359
1,T,V355
1,T,V349
1,T,V344
1,T,V329
1,T,V320
1,T,V315
1,T,V309
1,T,V306
1,T,V263
1,T,V260
1,T,V241
1,T,V233
1,T,V210
1,T,V162
1,T,V133
1,T,V125
1,S,Y33
1,S,X59
1,S,X00
1,S,W19
1,S,W18
1,S,V892
1,S,V455
1,S,V234
1,S,V139
1,R,W18
1,R,Q897
1,R,Q249
1,R,Q059
1,R,P070
1,R,N390
1,R,N170
1,R,M462
1,R,M351
1,R,K929
1,R,K860
1,R,K830
1,R,K700
1,R,K660
1,R,K631
1,R,K579
1,R,K572
1,R,K229
1,R,J671
1,R,J662
1,R,J661
1,R,J633
1,R,J302
1,R,J200
1,R,I739
1,R,I711
1,R,I615
1,R,I499
1,R,I426
1,R,I319
1,R,I250
1,R,I219
1,R,I119
1,R,G312
1,R,B238
1,R,B207
1,R,B201
1,P,Y435
1,P,M348
1,P,M329
1,P,K703
1,P,K579
1,P,J46
1,P,J459
1,P,I620
1,P,I606
1,P,I132
1,P,G931
1,P,F179
1,P,F165
1,P,F164
1,P,F160
1,P,F124
1,P,F118
1,P,F115
1,P,C64
1,P,B208
1,P,B201
1,N,Y859
1,N,Y848
1,N,W80
1,N,W19
1,N,W18
1,N,V536
1,N,R946
1,N,R944
1,N,R897
1,N,R859
1,N,R825
1,N,R823
1,N,R783
1,N,R778
1,N,R748
1,N,R635
1,N,R490
1,N,R488
1,N,R478
1,N,R461
1,N,R460
1,N,R450
1,N,R448
1,N,R430
1,N,R398
1,N,R391
1,N,R300
1,N,R292
1,N,R290
1,N,R260
1,N,R223
1,N,R208
1,N,R203
1,N,R15
1,N,R12
1,N,R093
1,N,R073
1,N,R070
1,N,R067
1,N,R065
1,N,Q985
1,N,Q979
1,N,Q973
1,N,Q963
1,N,Q962
1,N,Q958
1,N,Q840
1,N,Q839
1,N,Q833
1,N,Q830
1,N,Q800
1,N,Q786
1,N,Q779
1,N,Q767
1,N,Q730
1,N,Q724
1,N,Q718
1,N,Q703
1,N,Q701
1,N,Q670
1,N,Q665
1,N,Q661
1,N,Q651
1,N,Q646
1,N,Q630
1,N,Q626
1,N,Q560
1,N,Q555
1,N,Q532
1,N,Q527
1,N,Q526
1,N,Q524
1,N,Q522
1,N,Q520
1,N,Q517
1,N,Q514
1,N,Q510
1,N,Q506
1,N,Q502
1,N,Q440
1,N,Q435
1,N,Q428
1,N,Q409
1,N,Q408
1,N,Q353
1,N,Q341
1,N,Q340
1,N,Q274
1,N,Q261
1,N,Q184
1,N,Q181
1,N,Q172
1,N,Q171
1,N,Q165
1,N,Q161
1,N,Q148
1,N,Q131
1,N,Q111
1,N,P965
1,N,P949
1,N,P948
1,N,P928
1,N,P924
1,N,P923
1,N,P921
1,N,P911
1,N,P835
1,N,P818
1,N,P743
1,N,P740
1,N,P708
1,N,P598
1,N,P584
1,N,P580
1,N,P542
1,N,P518
1,N,P510
1,N,P391
1,N,P374
1,N,P373
1,N,P282
1,N,P260
1,N,P248
1,N,P154
1,N,P140
1,N,P130
1,N,P128
1,N,P122
1,N,P103
1,N,P081
1,N,O986
1,N,O982
1,N,O912
1,N,O905
1,N,O901
1,N,O900
1,N,O898
1,N,O878
1,N,O870
1,N,O757
1,N,O755
1,N,O750
1,N,O743
1,N,O716
1,N,O698
1,N,O680
1,N,O669
1,N,O644
1,N,O628
1,N,O620
1,N,O450
1,N,O438
1,N,O368
1,N,O360
1,N,O348
1,N,O340
1,N,O264
1,N,O228
1,N,O222
1,N,O208
1,N,O121
1,N,O077
1,N,O074
1,N,O073
1,N,O060
1,N,O054
1,N,O051
1,N,O049
1,N,O047
1,N,O040
1,N,O032
1,N,O002
1,N,N979
1,N,N958
1,N,N946
1,N,N941
1,N,N930
1,N,N907
1,N,N897
1,N,N893
1,N,N86
1,N,N854
1,N,N851
1,N,N849
1,N,N812
1,N,N805
1,N,N802
1,N,N765
1,N,N763
1,N,N608
1,N,N603
1,N,N601
1,N,N600
1,N,N500
1,N,N486
1,N,N484
1,N,N480
1,N,N46
1,N,N432
1,N,N431
1,N,N423
1,N,N392
1,N,N391
1,N,N362
1,N,N358
1,N,N219
1,N,N218
1,N,N150
1,N,N078
1,N,N056
1,N,N045
1,N,N037
1,N,N030
1,N,N012
1,N,N007
1,N,N005
1,N,M995
1,N,M955
1,N,M943
1,N,M921
1,N,M920
1,N,M918
1,N,M853
1,N,M851
1,N,M842
1,N,M833
1,N,M778
1,N,M774
1,N,M773
1,N,M766
1,N,M762
1,N,M753
1,N,M750
1,N,M709
1,N,M678
1,N,M652
1,N,M619
1,N,M612
1,N,M540
1,N,M508
1,N,M434
1,N,M429
1,N,M421
1,N,M342
1,N,M302
1,N,M253
1,N,M249
1,N,M233
1,N,M232
1,N,M210
1,N,M200
1,N,M180
1,N,M173
1,N,M167
1,N,M165
1,N,M161
1,N,M154
1,N,M123
1,N,M118
1,N,M001
1,N,L918
1,N,L906
1,N,L902
1,N,L83
1,N,L80
1,N,L752
1,N,L744
1,N,L731
1,N,L719
1,N,L711
1,N,L680
1,N,L639
1,N,L608
1,N,L552
1,N,L530
1,N,L506
1,N,L432
1,N,L430
1,N,L419
1,N,L418
1,N,L412
1,N,L301
1,N,L298
1,N,L271
1,N,L259
1,N,L249
1,N,L245
1,N,L210
1,N,L119
1,N,L081
1,N,L048
1,N,K832
1,N,K819
1,N,K805
1,N,K743
1,N,K702
1,N,K660
1,N,K650
1,N,K639
1,N,K632
1,N,K599
1,N,K593
1,N,K572
1,N,K567
1,N,K565
1,N,K564
1,N,K562
1,N,K469
1,N,K440
1,N,K429
1,N,K319
1,N,K295
1,N,K292
1,N,K290
1,N,K279
1,N,K275
1,N,K266
1,N,K265
1,N,K250
1,N,K229
1,N,J989
1,N,J988
1,N,J960
1,N,J860
1,N,J851
1,N,J850
1,N,J849
1,N,J47
1,N,J451
1,N,J398
1,N,J129
1,N,J101
1,N,I898
1,N,I830
1,N,I820
1,N,I81
1,N,I802
1,N,I772
1,N,I744
1,N,I719
1,N,I711
1,N,I702
1,N,I639
1,N,I634
1,N,I633
1,N,I615
1,N,I608
1,N,I607
1,N,I498
1,N,I490
1,N,I458
1,N,I428
1,N,I400
1,N,I358
1,N,I340
1,N,I301
1,N,I279
1,N,I249
1,N,I082
1,N,I069
1,N,I051
1,N,I050
1,N,H938
1,N,H922
1,N,H839
1,N,H838
1,N,H813
1,N,H809
1,N,H741
1,N,H738
1,N,H731
1,N,H728
1,N,H619
1,N,H618
1,N,H611
1,N,H604
1,N,H600
1,N,H571
1,N,H547
1,N,H539
1,N,H533
1,N,H532
1,N,H527
1,N,H505
1,N,H500
1,N,H490
1,N,H442
1,N,H441
1,N,H401
1,N,H352
1,N,H351
1,N,H318
1,N,H313
1,N,H312
1,N,H188
1,N,H185
1,N,H178
1,N,H158
1,N,H150
1,N,H119
1,N,H118
1,N,H113
1,N,H108
1,N,H103
1,N,H102
1,N,H029
1,N,H024
1,N,H010
1,N,H000
1,N,G575
1,N,G573
1,N,G568
1,N,G563
1,N,G548
1,N,G546
1,N,G513
1,N,G511
1,N,G501
1,N,G442
1,N,G256
1,N,F989
1,N,F930
1,N,F913
1,N,F908
1,N,F848
1,N,F844
1,N,F83
1,N,F812
1,N,F811
1,N,F633
1,N,F628
1,N,F606
1,N,F522
1,N,F519
1,N,F503
1,N,F441
1,N,F440
1,N,F438
1,N,F422
1,N,F413
1,N,F409
1,N,F408
1,N,F338
1,N,F312
1,N,F301
1,N,F238
1,N,F180
1,N,F141
1,N,F101
1,N,E878
1,N,E870
1,N,E851
1,N,E669
1,N,E46
1,N,E41
1,N,E15
1,N,E148
1,N,E141
1,N,E117
1,N,E112
1,N,E107
1,N,E106
1,N,E102
1,N,E100
1,N,D832
1,N,D817
1,N,D642
1,N,D608
1,N,D598
1,N,D563
1,N,D559
1,N,D558
1,N,D551
1,N,D538
1,N,D513
1,N,C959
1,N,C939
1,N,C921
1,N,C920
1,N,C910
1,N,C900
1,N,C880
1,N,C851
1,N,C845
1,N,C837
1,N,C833
1,N,C819
1,N,C780
1,N,C761
1,N,C760
1,N,C749
1,N,C740
1,N,C729
1,N,C710
1,N,C680
1,N,C609
1,N,C55
1,N,C541
1,N,C530
1,N,C490
1,N,C436
1,N,C434
1,N,C411
1,N,C380
1,N,C348
1,N,C320
1,N,C211
1,N,C180
1,N,C139
1,N,C109
1,N,C069
1,N,C01
1,N,B940
1,N,B888
1,N,B871
1,N,B870
1,N,B838
1,N,B831
1,N,B830
1,N,B820
1,N,B761
1,N,B748
1,N,B744
1,N,B701
1,N,B681
1,N,B680
1,N,B677
1,N,B670
1,N,B664
1,N,B663
1,N,B570
1,N,B559
1,N,B550
1,N,B538
1,N,B484
1,N,B483
1,N,B481
1,N,B471
1,N,B439
1,N,B438
1,N,B428
1,N,B421
1,N,B401
1,N,B390
1,N,B368
1,N,B359
1,N,B358
1,N,B354
1,N,B352
1,N,B308
1,N,B278
1,N,B261
1,N,B230
1,N,B160
1,N,B060
1,N,B052
1,N,B051
1,N,A984
1,N,A924
1,N,A920
1,N,A852
1,N,A834
1,N,A818
1,N,A791
1,N,A779
1,N,A773
1,N,A719
1,N,A690
1,N,A609
1,N,A598
1,N,A58
1,N,A55
1,N,A545
1,N,A544
1,N,A542
1,N,A540
1,N,A514
1,N,A506
1,N,A503
1,N,A422
1,N,A395
1,N,A311
1,N,A305
1,N,A300
1,N,A259
1,N,A242
1,N,A240
1,N,A191
1,N,A185
1,N,A184
1,N,A163
1,N,A067
1,N,A065
1,N,A063
1,N,A062
1,N,A031
1,N,A000
1,H,Y072
1,H,X87
1,E,Y433
1,E,V892
1,E,V031
1,E,Q283
1,E,P613
1,E,O996
1,E,N390
1,E,N19
1,E,N189
1,E,N009
1,E,M726
1,E,M471
1,E,K922
1,E,K869
1,E,K819
1,E,K754
1,E,K746
1,E,K738
1,E,K660
1,E,K659
1,E,K565
1,E,K563
1,E,K562
1,E,K559
1,E,K469
1,E,K319
1,E,K275
1,E,K259
1,E,K20
1,E,J984
1,E,J852
1,E,J458
1,E,J451
1,E,J440
1,E,J431
1,E,J348
1,E,J159
1,E,J111
1,E,J108
1,E,J101
1,E,J100
1,E,I802
1,E,I711
1,E,I710
1,E,I698
1,E,I694
1,E,I693
1,E,I639
1,E,I620
1,E,I516
1,E,I500
1,E,I428
1,E,I38
1,E,I270
1,E,I248
1,E,I10
1,E,I069
1,E,G709
1,E,G319
1,E,G218
1,E,G20
1,E,F302
1,E,F204
1,E,F177
1,E,F104
1,E,F101
1,E,E799
1,E,E741
1,E,E731
1,E,E671
1,E,E642
1,E,E631
1,E,E619
1,E,E568
1,E,E309
1,E,E301
1,E,E299
1,E,E280
1,E,E270
1,E,E258
1,E,E241
1,E,E134
1,E,E062
1,E,E040
1,E,E000
1,E,C900
1,E,C80
1,E,C787
1,E,C61
1,E,C349
1,E,C259
1,E,B238
1,E,B227
1,E,A084
1,D,M809
1,D,M329
1,D,K714
1,D,K620
1,D,K601
1,D,K514
1,D,K410
1,D,K382
1,D,K313
1,D,K281
1,D,K136
1,D,K134
1,D,K133
1,D,K116
1,D,K110
1,D,K103
1,D,K100
1,D,K098
1,D,K078
1,D,K062
1,D,K054
1,D,K050
1,D,K048
1,D,K046
1,D,K040
1,D,K030
1,D,K021
1,D,K011
1,D,K006
1,D,K004
1,D,K002
1,D,J690
1,D,I702
1,D,I619
1,D,I516
1,D,I119
1,C,W84
1,C,V349
1,C,N19
1,C,N170
1,C,N049
1,C,M899
1,C,M844
1,C,M818
1,C,M053
1,C,M052
1,C,L89
1,C,K922
1,C,K869
1,C,K769
1,C,K767
1,C,K754
1,C,K650
1,C,K631
1,C,K563
1,C,K511
1,C,K229
1,C,J960
1,C,J690
1,C,J450
1,C,J440
1,C,J108
1,C,J051
1,C,I850
1,C,I779
1,C,I698
1,C,I674
1,C,I517
1,C,I461
1,C,I422
1,C,I340
1,C,G804
1,C,G311
1,C,G218
1,C,F412
1,C,F177
1,C,F103
1,C,F03
1,C,E870
1,C,E859
1,C,E780
1,C,E43
1,C,E15
1,C,E147
1,C,E145
1,C,E117
1,C,E115
1,C,D460
1,C,D417
1,C,D356
1,C,D315
1,C,D310
1,C,D302
1,C,D301
1,C,D299
1,C,D294
1,C,D290
1,C,D281
1,C,D280
1,C,D252
1,C,D233
1,C,D231
1,C,D225
1,C,D221
1,C,D220
1,C,D211
1,C,D191
1,C,D176
1,C,D173
1,C,D172
1,C,D160
1,C,D159
1,C,D124
1,C,D107
1,C,D104
1,C,D100
1,C,D076
1,C,D060
1,C,D047
1,C,D046
1,C,D021
1,C,C937
1,C,C932
1,C,C758
1,C,C638
1,C,C478
1,C,C468
1,C,C006
1,C,C003
1,C,C002
1,C,B49
1,B,X42
1,B,W74
1,B,W18
1,B,W01
1,B,Q615
1,B,Q282
1,B,Q256
1,B,Q244
1,B,O994
1,B,N289
1,B,M844
1,B,M628
1,B,M419
1,B,M069
1,B,K929
1,B,K802
1,B,K768
1,B,K763
1,B,K729
1,B,K565
1,B,K550
1,B,K509
1,B,K458
1,B,K440
1,B,K279
1,B,K260
1,B,J989
1,B,J852
1,B,J849
1,B,J848
1,B,J840
1,B,J440
1,B,J159
1,B,J151
1,B,J13
1,B,J129
1,B,I863
1,B,I844
1,B,I843
1,B,I450
1,B,I362
1,B,I012
1,B,G312
1,B,E725
1,B,A521
1,A,Y579
1,A,X42
1,A,V475
1,A,N188
1,A,M349
1,A,M329
1,A,K922
1,A,K861
1,A,K759
1,A,K739
1,A,K563
1,A,J690
1,A,J449
1,A,J40
1,A,I674
1,A,I619
1,A,I609
1,A,I606
1,A,I499
1,A,I461
1,A,I130
1,A,G405
1,A,G309
1,A,F03
1,A,C765
1,A,B238
1,A,B201
